Name;Price;Sale Price;Description;Categortu;image;
4 PCS. DUOTONE BALLS - GOLD;15.90.jpg;;;Sex Balls;http://s9.postimg.org/mt99rybdb/4_PCS_DUOTONE_BALLS_GOLD_15_90.jpg;
BEN - WA BALLS - GOLDEN 1;6.90.jpg;;;Sex Balls;http://s9.postimg.org/5z42md7gv/BEN_WA_BALLS_GOLDEN_16_90.jpg;
BEN WA GOLD BALLS;14.90.jpg;;;Sex Balls;http://s9.postimg.org/5h8x6ihvz/BEN_WA_BALLS_16_90.jpg;
BEN-WA BALLS;16.90.jpg;;;Sex Balls;http://s9.postimg.org/5wk6zj3tb/BEN_WA_GOLD_BALLS_14_90.jpg;
BUZZ VIBRATING LOVE BALLS - BLACK;35.90.jpg;;;Sex Balls;http://s9.postimg.org/5va9641zj/BUZZ_VIBRATING_LOVE_BALLS_BLACK_35_90.jpg;
BUZZ VIBRATING LOVE BALLS - PINK;35.90.jpg;;;Sex Balls;http://s9.postimg.org/ljbgcwhlb/BUZZ_VIBRATING_LOVE_BALLS_PINK_35_90.jpg;
CATS EYES STEEL LOVE BALLS GOLD;15.90.jpg;;;Sex Balls;http://s9.postimg.org/scbt968en/CATS_EYES_STEEL_LOVE_BALLS_GOLD_15_90.jpg;
FUNKY LOVE BALLS - PINK;8.90.jpg;;;Sex Balls;http://s9.postimg.org/hqwjawrgv/FUNKY_LOVE_BALLS_PINK_8_90.jpg;
FUNKY LOVE BALLS - PURPLE;8.90.jpg;;;Sex Balls;http://s9.postimg.org/4f3c1pogf/FUNKY_LOVE_BALLS_PURPLE_8_90.jpg;
GRADUATED ORGASM BALLS;8.90.jpg;;;Sex Balls;http://s9.postimg.org/rcq3r7imn/GRADUATED_ORGASM_BALLS_18_90.jpg;
HEAVY METAL DUO BALLS;18.90.jpg;;;Sex Balls;http://s9.postimg.org/3zs28p2j3/HEAVY_METAL_DUO_BALLS_18_90.jpg;
JE JOUE AMI;48.90.jpg;;;Sex Balls;http://s9.postimg.org/4qkseh4wf/JE_JOUE_AMI_48_90.jpg;
KEGEL TRAINING BALLS;45.90.jpg;;;Sex Balls;http://s9.postimg.org/y9ka3qexb/KEGEL_TRAINING_BALLS_45_90.jpg;
LELO LUNA BEADS NOIR;34.90.jpg;;;Sex Balls;http://s9.postimg.org/tme81yrkf/LELO_LUNA_BEADS_NOIR_34_90.jpg;
LOVELY VIBES LOVE BALLS - PINK;32.90.jpg;;;Sex Balls;http://s9.postimg.org/8ulr6z0un/LOVELY_VIBES_LOVE_BALLS_PINK_32_90.jpg;
NATURE SKIN LOVE BALLS;18.90.jpg;;;Sex Balls;http://s9.postimg.org/t0p95uwi7/NATURE_SKIN_LOVE_BALLS_PINK_18_90.jpg;
NATURE SKIN LOVE BALLS, PINK;18.90.jpg;;;Sex Balls;http://s9.postimg.org/3ted5lte7/NATURE_SKIN_LOVE_BALLS_18_90.jpg;
O-BALLS SINGLE;12.90.jpg;;;Sex Balls;http://s9.postimg.org/pwj6mt53j/O_BALLS_SINGLE_12_90.jpg;
OVO L1 LOVEBALLS;19.90.jpg;;;Sex Balls;http://s9.postimg.org/tu6gc7rwv/OVO_L1_LOVEBALLS_19_90.jpg;
PERFECT BALLS - LAVENDER;11.00.jpg;;;Sex Balls;http://s9.postimg.org/w00r6pvdb/PERFECT_BALLS_LAVENDER_11_00.jpg;
PERFECT BALLS - PINK;11.jpg;;;Sex Balls;http://s9.postimg.org/7ksj5nwgf/PERFECT_BALLS_PINK_11.jpg;
PLEASURE PEARLS;16.90.jpg;;;Sex Balls;http://s9.postimg.org/da8rpz2mn/PLEASURE_PEARLS_16_90.jpg;
SEASHELL BEN WA BALLS;19.90.jpg;;;Sex Balls;http://s9.postimg.org/cyrbd7m6n/SEASHELL_BEN_WA_BALLS_19_90.jpg;
SILICONE HEART KEGEL TREATMENT BALLS - FUN BALL;14.90.png;;;Sex Balls;http://s9.postimg.org/orp4hfimn/SILICONE_HEART_KEGEL_TREATMENT_BALLS_FUN_BALL.png;
SMARTBALLS DUO -RED & WHITE;24.90.jpeg;;;Sex Balls;http://s9.postimg.org/6mc63dj4f/SMARTBALLS_DUO_RED_WHITE_24_90.jpg;
SMARTBALLS UNO - PURPLE & WHITE;19.90.jpg;;;Sex Balls;http://s9.postimg.org/urcvl33f3/SMARTBALLS_UNO_PURPLE_WHITE_19_90.jpg;
SMARTBALLS UNO - RED & BLACK;19.90.jpeg;;;Sex Balls;http://s9.postimg.org/tev6j75zj/SMARTBALLS_UNO_RED_BLACK_19_90.jpg;
SMARTBALLS UNO - RED & WHITE;19.90.jpeg;;;Sex Balls;http://s9.postimg.org/5pac88wzz/SMARTBALLS_UNO_RED_WHITE_19_90.jpg;
SPHERE I STIMULATING LOVEBALL - PURPLE;19.90.jpg;;;Sex Balls;http://s9.postimg.org/w05ckgkr3/SPHERE_II_STIMULATING_LOVEBALLS_PINK_27_90.jpg;
SPHERE II STIMULATING LOVEBALLS - PINK ;27.90.jp;;;Sex Balls;http://s9.postimg.org/brhyyqlfz/SPHERE_I_STIMULATING_LOVEBALL_PURPLE_19_90.jpg;
STRAWBERRY LOVE BALLS;15.90.jpg;;;Sex Balls;http://s9.postimg.org/shtco2jv3/STRAWBERRY_LOVE_BALLS_15_90.jpg;
VELVET BALLS, PINK;18.90.jpg;;;Sex Balls;http://s9.postimg.org/ozhcroiz3/VELVET_BALLS_PINK_18_90.jpg;
VELVET BALLS, RED;13.90.jpg;;;Sex Balls;http://s9.postimg.org/x7jacoavj/VELVET_BALLS_RED_13_90.jpg;
VENUS BALLS V2;25.90.jpg;;;Sex Balls;http://s9.postimg.org/kev6cqz9r/VENUS_BALLS_V2_25_90.jpg;
VIBE THERAPY FASCINATE, BLACK ;24.90.jpg;;;Sex Balls;http://s9.postimg.org/990vbsp3j/VIBE_THERAPY_FASCINATE_BLACK_24_90.jpg;
VIBE THERAPY FASCINATE, BLACK/SILVER;24.90.jpg;;;Sex Balls;http://s9.postimg.org/4vxqfmqz3/VIBE_THERAPY_FASCINATE_BLACK_SILVER_24_90.jpg;
VIBE THERAPY FASCINATE, PINK;24.90.jpg;;;Sex Balls;http://s9.postimg.org/5mqgletcf/VIBE_THERAPY_FASCINATE_PINK_24_90.jpg;
VIBRATONE DUO BALLS GOLD BLISTERCARD;19.90.jpg;;;Sex Balls;http://s9.postimg.org/k77jg8ob3/VIBRATONE_DUO_BALLS_GOLD_BLISTERCARD_19_90.jpg;
BREAST ENLARGER;25.40.jpg;;;Lady Pumps;http://s17.postimg.org/bypko77en/BREAST_ENLARGER_25_40.jpg;
BREAST SIZER SINGEL CUP;34.50.jpg;;;Lady Pumps;http://s17.postimg.org/mmtbn1hdr/BREAST_SIZER_SINGEL_CUP_34_50.jpg;
BREAST SIZER TWIN CUP;53.40.jpg;;;Lady Pumps;http://s17.postimg.org/86anm7ha7/BREAST_SIZER_TWIN_CUP_53_40.jpg;
CRYSTAL CLEAR MULTISUCKER;21.90.jpg;;;Lady Pumps;http://s17.postimg.org/xax2lvrcv/CRYSTAL_CLEAR_MULTISUCKER_21_90.jpg;
FF AUTO-VAC BREAST ENLARGER;99.jpg;;;Lady Pumps;http://s17.postimg.org/5dhg26gxr/FF_AUTO_VAC_BREAST_ENLARGER_99.jpg;
FF VIBRATING NIPPLE PUMP; 56.90.jpg;;;Lady Pumps;http://s17.postimg.org/s3gkv605b/FF_VIBRATING_NIPPLE_PUMP_56_90.jpg;
HI-BEAM VIBRATING NIPPLE PUMPS LAVENDER;29.90.jpg;;;Lady Pumps;http://s17.postimg.org/cw0lat8an/HI_BEAM_VIBRATING_NIPPLE_PUMPS_LAVENDER_29_90.jpg;
KISS NIPPLE STICKER;9.jpg;;;Lady Pumps;http://s17.postimg.org/l42ivt073/KISS_NIPPLE_STICKER_9.jpg;
MINI NIPPLE PUMP;18.90.jpg;;;Lady Pumps;http://s17.postimg.org/z98bxm98f/MINI_NIPPLE_PUMP_18_90.jpg;
NIKKI`S VIBRATING DUAL PLEASURE PUMP;21.90.jpg;;;Lady Pumps;http://s17.postimg.org/5xwh4va67/NIKKI_S_VIBRATING_DUAL_PLEASURE_PUMP_21_90.jpg;
NIPPLE ERECTOR SET, NATURAL;25.90.jpg;;;Lady Pumps;http://s17.postimg.org/fjq1l61bz/NIPPLE_ERECTOR_SET_NATURAL_25_90.jpg;
"SUCTION CUPS ""VIBRATING BOOBS""";29.90.jpg;;;Lady Pumps;http://s17.postimg.org/l5cgp820v/SUCTION_CUPS_VIBRATING_BOOBS_29_90.jpg;
TRIPLE SUCKERS;69.90.jpg;;;Lady Pumps;http://s17.postimg.org/vw03awfnj/TRIPLE_SUCKERS_69_90.jpg;
ULTRAVIOLET NIPPLE SUCKER;36.90.jpg;;;Lady Pumps;http://s17.postimg.org/z5j3v3t4v/ULTRAVIOLET_NIPPLE_SUCKER_36_90.jpg;
VIBRATING DREAMS;36.90.jpg;;;Lady Pumps;http://s17.postimg.org/ewvq9dttr/VIBRATING_DREAMS_36_90.jpg;
VIBRATING NIPPLE PUMP PINK;36.90.jpg;;;Lady Pumps;http://s17.postimg.org/jy34ar1a7/VIBRATING_NIPPLE_PUMP_PINK_36_90.jpg;
BODY & SOUL ADORE PINK;25.90.jpg;;;Clit Stimulators;http://s17.postimg.org/4fxp7gi7z/BODY_SOUL_ADORE_PINK_25_90.jpg;
BUBBLY POWERTICKLER;45.jpg;;;Clit Stimulators;http://s17.postimg.org/3nv189e0v/BUBBLY_POWERTICKLER_45.jpg;
BULLET WATERPROOF PURPLE;22.90.jpg;;;Clit Stimulators;http://s17.postimg.org/a2u24xkqn/BULLET_WATERPROOF_PURPLE_22_90.jpg;
BUNNY TICKLER - MAGENTA;24.90.jpg;;;Clit Stimulators;http://s17.postimg.org/chlxpd0zj/BUNNY_TICKLER_MAGENTA_24_90.jpg;
BUZZ BUZZ BUNNY MASSAGER;29.90.jpg;;;Clit Stimulators;http://s17.postimg.org/q4wlbbkfz/BUZZ_BUZZ_BUNNY_MASSAGER_29_90.jpg;
CRYSTAL FLEX MASSAGER PINK;25.90.jpg;;;Clit Stimulators;http://s17.postimg.org/5w97pll4v/CRYSTAL_FLEX_MASSAGER_PINK_25_90.jpg;
CURVE APPEAL PINK;25.jpg;;;Clit Stimulators;http://s17.postimg.org/48a2ay79b/CURVE_APPEAL_PINK_25.jpg;
CURVY ROCKETTICKLER;39.90.jpg;;;Clit Stimulators;http://s17.postimg.org/6obvospbz/CURVY_ROCKETTICKLER_39_90.jpg;
DIVINE SCINTILLATION PINK;44.90.jpg;;;Clit Stimulators;http://s17.postimg.org/h3mnbgbwf/DIVINE_SCINTILLATION_PINK_44_90.jpg;
FINGER-VIBRATOR;17.90.jpg;;;Clit Stimulators;http://s17.postimg.org/4z7dugz0f/FINGER_VIBRATOR_17_90.jpg;
GENTLE RABBIT;19.95.jpg;;;Clit Stimulators;http://s17.postimg.org/z55s995xb/GENTLE_RABBIT_19_95.jpg;
HANKY SPANK ME VIBRATING PANTIES BLACK;29.90.jpg;;;Clit Stimulators;http://s17.postimg.org/4q9t4jm7z/HANKY_SPANK_ME_VIBRATING_PANTIES_BLACK_29_90.jpg;
JE JOUE MIMI;78.90.jpg;;;Clit Stimulators;http://s17.postimg.org/oyx6q9lj3/JE_JOUE_MIMI_78_90.jpg;
KITTY PLAY VIOLET VIBRO-BULLET;21.90.jpg;;;Clit Stimulators;http://s17.postimg.org/7a5fyn9rz/KITTY_PLAY_VIOLET_VIBRO_BULLET_21_90.jpg;
LEATHERLOOK PANTY QUAKERS WITH VIBRATOR;29.90.jpg;;;Clit Stimulators;http://s17.postimg.org/oopo6x6wv/LEATHERLOOK_PANTY_QUAKERS_WITH_VIBRATOR_29_90.jpg;
LOVELY VIBES STIMULATOR - PINK;49.90.jpg;;;Clit Stimulators;http://s17.postimg.org/newg5m2in/LOVELY_VIBES_STIMULATOR_PINK_49_90.jpg;
LOVERS THONG WITH STROKER BEADS;12.00.jpg;;;Clit Stimulators;http://s17.postimg.org/7cpblhdfj/LOVER_S_THONG_WITH_STROKER_BEADS_12_00.jpg;
MADAME BUTTERFLY 2;39.90.jpg;;;Clit Stimulators;http://s17.postimg.org/8t0u3mgcf/MADAME_BUTTERFLY_2_39_90.jpg;
NAMASTE CLARITY;29.90.jpg;;;Clit Stimulators;http://s17.postimg.org/xasxriiwv/NAMASTE_CLARITY29_90.jpg;
ORIGINAL SQWEEL;79.jpg;;;Clit Stimulators;http://s17.postimg.org/pxi56ao8v/ORIGINAL_SQWEEL_79.jpg;
OVO T2 STIMULAATOR;29.95.jpg;;;Clit Stimulators;http://s17.postimg.org/6totpyben/OVO_T2_STIMULAATOR_29_95.jpg;
PICOBONG IPO FINGER VIBE;39.90.jpg;;;Clit Stimulators;http://s17.postimg.org/mgg33bp6n/PICOBONG_IPO_FINGER_VIBE_39_90.jpg;
PREMIUM RANGE LONG BULLET GOLD;29.90.jpg;;;Clit Stimulators;http://s17.postimg.org/jowtcpqnz/PREMIUM_RANGE_LONG_BULLET_GOLD_29_90.jpg;
PREMIUM RANGE SMALL BULLET SILVER 29.90.jpg;29.90.jpg;;;Clit Stimulators;http://s17.postimg.org/3pe5t5um7/PREMIUM_RANGE_SMALL_BULLET_SILVER_29_90.jpg;
PURE VIBES DOLPHIN;29.90.jpg;;;Clit Stimulators;http://s17.postimg.org/m7iidece7/PURE_VIBES_DOLPHIN_29_90.jpg;
REMOTE CONTROL HONEYDEW BUTTERFLY;44.90.JPG;;;Clit Stimulators;http://s17.postimg.org/ki9f5bwov/REMOTE_CONTROL_HONEYDEW_BUTTERFLY_44_90.jpg;
SETI POWERTICKLER;45.jpg;;;Clit Stimulators;http://s17.postimg.org/myb8j6erj/SETI_POWERTICKLER_45.jpg;
SHOCK THERAPY BUTTERFLY STIM;48.90.jpg;;;Clit Stimulators;http://s17.postimg.org/ofwouqji7/SHOCK_THERAPY_BUTTERFLY_STIM_48_90.jpg;
SMILE STRAP ON VIBE CRAZY;42.90.jpg;;;Clit Stimulators;http://s17.postimg.org/it4xb06db/SMILE_STRAP_ON_VIBE_CRAZY_42_90.jpg;
SOFT TOUCH BODY WAND MASSAGER;69.90.jpg;;;Clit Stimulators;http://s17.postimg.org/srpvxhfsv/SOFT_TOUCH_BODY_WAND_MASSAGER_69_90.jpg;
STARLET ROCKETTICKLER;39.90.jpg;;;Clit Stimulators;http://s17.postimg.org/9b56aykov/STARLET_ROCKETTICKLER_39_90.jpg;
STRAP-ON BIZZY BURDY;19.90.jpg;;;Clit Stimulators;http://s17.postimg.org/w2e8xd5q7/STRAP_ON_BIZZY_BURDY_19_90.jpg;
TEASER VIBE GREEN;25.90.jpg;;;Clit Stimulators;http://s17.postimg.org/8mwbs0lz3/TEASER_VIBE_GREEN_25_90.jpg;
TOYJOY - BUTTERFLY BABY;32.90.jpg;;;Clit Stimulators;http://s17.postimg.org/5jvlon70f/TOYJOY_BUTTERFLY_BABY_32_90.jpg;
VIBE THERAPY VIBE DISCREET METAL;39.90.jpg;;;Clit Stimulators;http://s17.postimg.org/hkh1pdef3/VIBE_THERAPY_VIBE_DISCREET_METAL_39_90.jpg;
VIBE THERAPY VIBE DISCREET PINK;39.90.jpg;;;Clit Stimulators;http://s17.postimg.org/g99agwitb/VIBE_THERAPY_VIBE_DISCREET_PINK_39_90.jpg;
VIBRATING G-SPOT STIMULATOR;39.90.jpg;;;Clit Stimulators;http://s17.postimg.org/wizgjsthb/VIBRATING_G_SPOT_STIMULATOR_39_90.jpg;
VIBRATING LOVERS THONG WITH STROKER BEADS;29.90.jpg;;;Clit Stimulators;http://s17.postimg.org/l96qouofz/VIBRATING_LOVER_S_THONG_WITH_STROKER_BEADS_29_90.jpg;
WAND BODY MASSAGE L'ORIGINAL;69.90.jpg;;;Clit Stimulators;http://s17.postimg.org/4pdngcojj/WAND_BODY_MASSAGE_L_ORIGINAL_69_90.jpg;
WAVY ROCKETTICKLER;39.90.jpg;;;Clit Stimulators;http://s17.postimg.org/wmxvdsocf/WAVY_ROCKETTICKLER_39_90.jpg;
WE VIBE TOUCH GREEN;89.90.jpg;;;Clit Stimulators;http://s17.postimg.org/ctlrl3ayn/WE_VIBE_TOUCH_GREEN_89_90.jpg;
       FLESHXL 9INCH 23CM;29.90.jpg;;;Dildos;http://s1.postimg.org/kvkjnph73/FLESHXL_9_INCH_23_CM_29_90.jpg;
ADAMS PLEASURE SKIN DILDO;39.90.jpg;;;Dildos;http://s1.postimg.org/7sox4fqz3/ADAMS_PLEASURE_SKIN_DILDO_39_90.jpg;
ALL BLACK 15 CM;24.90.jpg;;;Dildos;http://s1.postimg.org/debc8hrnz/ALL_BLACK_15_CM_24_90.jpg;
ALL BLACK 17 CM;29.90.jpg;;;Dildos;http://s1.postimg.org/lvaujewcv/ALL_BLACK_17_CM_29_90.jpg;
ALL BLACK 21 CM HAND;24.90.jpg;;;Dildos;http://s1.postimg.org/pccwmdvf3/ALL_BLACK_21_CM_HAND_24_90.jpg;
ALL BLACK 22 CM;29.90.jpg;;;Dildos;http://s1.postimg.org/r5ftapglr/ALL_BLACK_22_CM_29_90.jpg;
ALL BLACK 32 CM;39.90.jpg;;;Dildos;http://s1.postimg.org/ydwhx3znz/ALL_BLACK_32_CM_39_90.jpg;
"BASIX RUBBER WORKS - 16"" DOUBLE DONG BLACK";39.0.jpg;;;Dildos;http://s1.postimg.org/k8qovaqmn/BASIX_RUBBER_WORKS_16_DOUBLE_DONG_BLACK_39_0.jpg;
"BASIX RUBBER WORKS - 16"" DOUBLE DONG PINK";39.90.jpg;;;Dildos;http://s1.postimg.org/4ojb4rgi7/BASIX_RUBBER_WORKS_16_DOUBLE_DONG_PINK_39_90.jpg;
BASIX RUBBER WORKS - FAT BOY BLACK;49.90.jpg;;;Dildos;http://s1.postimg.org/dshq57i33/BASIX_RUBBER_WORKS_FAT_BOY_BLACK_49_90.jpg;
BIG BONANZA 13 BLACK BUTT PLUG;29.90.jpg;;;Dildos;http://s1.postimg.org/ezvnxf87j/BIG_BONANZA_13_BLACK_BUTT_PLUG_29_90.jpg;
BLACK DOUBLE DONG DILDO;39.90.jpg;;;Dildos;http://s1.postimg.org/6y7ffipfz/BLACK_WHITE_REALISTIC_DONG_35_90.jpg;
BLACK KNUTH DILDO;89.90.jpg;;;Dildos;http://s1.postimg.org/b4s9uup1r/BLACK_DOUBLE_DONG_DILDO_39_90.jpg;
BLACK&WHITE REALISTIC DONG;35.90.jpg;;;Dildos;http://s1.postimg.org/rttpqrln3/BLACK_KNUTH_DILDO_89_90.jpg;
BLAS DILDO BLACK;99.99.jpg;;;Dildos;http://s1.postimg.org/oqszne6of/BLAS_DILDO_BLACK_99_99.jpg;
"CALLY 8"" DILDO";21.90.jpg;;;Dildos;http://s1.postimg.org/gwse1zyvj/CALLY_8_DILDO_21_90.jpg;
CHRISTIAN DILDO BLACK;99.90.jpg;;;Dildos;http://s1.postimg.org/iwdl75ikv/CHRISTIAN_DILDO_BLACK_99_90.jpg;
COLT GAGE WESTON COCK;69.90.jpg;;;Dildos;http://s1.postimg.org/j5b5x2vdb/COLT_GAGE_WESTON_COCK_69_90.jpg;
CRYSTAL DUO;28.90.jpg;;;Dildos;http://s1.postimg.org/exgdobtxr/CRYSTAL_DUO_28_90.jpg;
CURVED PASSION NATURA;25.90.jpg;;;Dildos;http://s1.postimg.org/6t89jl7in/CURVED_PASSION_NATURA_25_90.jpg;
CYBERSKIN CYBER COCK DILDO;65.90.jpg;;;Dildos;http://s1.postimg.org/r5pglkcb3/CYBERSKIN_CYBER_COCK_DILDO_65_90.jpg;
DICK RAMBONE COCK, BLACK;66.90.jpg;;;Dildos;http://s1.postimg.org/bufnkyez3/DICK_RAMBONE_COCK_BLACK_66_90.jpg;
DICK RAMBONE DONG, FLESH;69.90.jpg;;;Dildos;http://s1.postimg.org/jog96cmrz/DICK_RAMBONE_DONG_FLESH_69_90.jpg;
"DILDO ""SWEET TEMPTATIONS""";16.90.jpg;;;Dildos;http://s1.postimg.org/ibyk4gpcf/DILDO_SWEET_TEMPTATIONS_16_90.jpg;
DOMINIK DILDO - BLACK;79.90.jpg;;;Dildos;http://s1.postimg.org/rl0qeky8f/DOMINIK_DILDO_BLACK_79_90.jpg;
DOUBLE DONG DILDO;24.90.jpg;;;Dildos;http://s1.postimg.org/te3n2wjf3/DOUBLE_DONG_DILDO_24_90.jpg;
DOUBLE DONG DILDO 38CM;19.jpg;;;Dildos;http://s1.postimg.org/gbclxdikv/DOUBLE_DONG_DILDO_38_CM_19.jpg;
DOUBLE DONG WITH BALLS;37.50.jpg;;;Dildos;http://s1.postimg.org/kyinz55xr/DOUBLE_DONG_WITH_BALLS_37_50.jpg;
DOUBLE MINIDONG, PURPLE;16.90.jpg;;;Dildos;http://s1.postimg.org/ytgyhm0cv/DOUBLE_MINIDONG_PURPLE_16_90.jpg;
DRILL SERGEANT DILDO - MUST;59.90.jpg;;;Dildos;http://s1.postimg.org/433j0507j/DRILL_SERGEANT_DILDO_MUST_59_90.jpg;
DUAL VIBRATING FLEXI-DONG;67.jpg;;;Dildos;http://s1.postimg.org/d8bvu03m7/DUAL_VIBRATING_FLEXI_DONG_67.jpg;
FANTASY DILDO 18CM;18.jpg;;;Dildos;http://s1.postimg.org/fthghiszz/FANTASY_DILDO_18_CM_16_90.jpg;
FANTASY DILDO 18CM;18.jpg;;;Dildos;http://s1.postimg.org/i89c1y98v/FANTASY_DILDO_18_CM_19.jpg;
FANTASY DILDO 19CM;19.jpg;;;Dildos;http://s1.postimg.org/d4mnrhnin/FANTASY_DILDO_19_CM_19.jpg;
FANTASY DILDO 21CM;25.50;;;Dildos;http://s1.postimg.org/3sw0gsllb/FANTASY_DILDO_21_CM_19.jpg;
FANTASY DILDO 28CM;39.90.jpg;;;Dildos;http://s1.postimg.org/iu2wbstov/FANTASY_DILDO_28_CM_39_90.jpg;
FANTASY DILDO LONG 22CM;24.90.jpg;;;Dildos;http://s1.postimg.org/5yqbbap1r/FANTASY_DILDO_LONG_22_CM_24_90.jpg;
FANTASY LONG DILDO 21 CM;22.90.jpg;;;Dildos;http://s1.postimg.org/5hi4s5idr/FANTASY_LONG_DILDO_21_CM_22_90.jpg;
FANTASY LONG DILDO 24 CM;25.90.jpg;;;Dildos;http://s1.postimg.org/ut9t5d9vz/FANTASY_LONG_DILDO_24_CM_25_90.jpg;
FANTASY VIBRATOR 20,5CM;19.90.jpg;;;Dildos;http://s1.postimg.org/rsxk2knyn/FANTASY_VIBRATOR_20_5_CM_19_90.jpg;
"FETISH FANTASY ELITE 6"", PINK DILDO";49.90.jpg;;;Dildos;http://s1.postimg.org/bgnicu9n3/FETISH_FANTASY_ELITE_6_PINK_DILDO_49_90.jpg;
"FETISH FANTASY ELITE 8"" DILDO, BLACK";79.90.jpg;;;Dildos;http://s1.postimg.org/c4wcvs8cv/FETISH_FANTASY_ELITE_8_DILDO_BLACK_79_90.jpg;
"FETISH FANTASY ELITE 10"" DILDO, BLACK";89.90.jpg;;;Dildos;http://s1.postimg.org/edajd4fgv/FETISH_FANTASY_ELITE_10_DILDO_BLACK_89_90.jpg;
FIST OF VICTORY BLACK;59.90.jpg;;;Dildos;http://s1.postimg.org/bkhbt3f4f/FIST_OF_VICTORY_BLACK_59_90.jpg;
FLESHXL 23CM;37.90.jpg;;;Dildos;http://s1.postimg.org/jehxehmxb/FLESHXL_23_CM_37_90.jpg;
FLESHXL 28CM;42.90.jpg;;;Dildos;http://s1.postimg.org/gyg40n4un/FLESHXL_28_CM_42_90.jpg;
FUN FACTORY NEW WAVE DILDO;79.90.jpg;;;Dildos;http://s1.postimg.org/72f10zz2n/FUN_FACTORY_NEW_WAVE_DILDO_79_90.jpg;
G-GIRL STYLE 8INCH DONG WITH SUCTION CAP;29.90.jpg;;;Dildos;http://s1.postimg.org/pknyyz68f/G_GIRL_STYLE_8_INCH_DONG_WITH_SUCTION_CAP_29_90.jpg;
GENERAL LEE DILDO - BLACK;79.90.jpg;;;Dildos;http://s1.postimg.org/dhinbev67/GENERAL_LEE_DILDO_BLACK_79_90.jpg;
GIANT FAMILY - HORNY HAND FIST;59.90.jpg;;;Dildos;http://s1.postimg.org/jxrm1i3pr/GIANT_FAMILY_HORNY_HAND_FIST_59_90.jpg;
GIANT FAMILY - LITTLE DICK 11;59.90.jpg;;;Dildos;http://s1.postimg.org/422ry7d5b/GIANT_FAMILY_LITTLE_DICK_11_59_90.jpg;
GREAT AMERICAN CHALLENGE, PURPLE; 69.90.jpg;;;Dildos;http://s1.postimg.org/gs70bal3j/GREAT_AMERICAN_CHALLENGE_PURPLE_69_90.jpg;
"HEROES SILICONE DILDO 5"" - BROWN"; 59.90.jpg;;;Dildos;http://s1.postimg.org/g583lro7j/HEROES_SILICONE_DILDO_5_BROWN_59_90.jpg;
"HEROES SILICONE DILDO 5"" - FLESH"; 59.90.jpg;;;Dildos;http://s1.postimg.org/4he1r7z2n/HEROES_SILICONE_DILDO_5_FLESH_59_90.jpg;
"HEROES SILICONE DILDO 6"" - BROWN"; 59.90.jpg;;;Dildos;http://s1.postimg.org/yncg605zj/HEROES_SILICONE_DILDO_6_BROWN_59_90.jpg;
"HEROES SILICONE DILDO 6"" - FLESH"; 59.90.jpg;;;Dildos;http://s1.postimg.org/4mmeemvrj/HEROES_SILICONE_DILDO_6_FLESH_59_90.jpg;
"HEROES SILICONE DILDO 7"" - BROWN"; 59.90.jpg;;;Dildos;http://s1.postimg.org/6ps88k66n/HEROES_SILICONE_DILDO_7_BROWN_59_90.jpg;
"HEROES SILICONE DILDO 7"" - FLESH"; 59.90.jpg;;;Dildos;http://s1.postimg.org/td7heplqn/HEROES_SILICONE_DILDO_7_FLESH_59_90.jpg;
"JELLY BENDERS THE COCK FIGHTER 8"" 20,3CM PURPLE";20.90.jpg;;;Dildos;http://s1.postimg.org/gprq276tr/JELLY_BENDERS_THE_COCK_FIGHTER_8_20_3_CM_PURPLE.jpg;
"JELLY BENDERS THE COCK FIGHTER 8"" 20,3CM RED";20.90.jpg;;;Dildos;http://s1.postimg.org/mf7ymiczz/JELLY_BENDERS_THE_COCK_FIGHTER_8_20_3_CM_RED_20.jpg;
JEROEN DILDO BLACK;85.90.jpg;;;Dildos;http://s1.postimg.org/pomdsz13j/JEROEN_DILDO_BLACK_85_90.jpg;
KEEP BURNING WORKER DILDO;49.90.jpg;;;Dildos;http://s1.postimg.org/59lb45snj/KEEP_BURNING_WORKER_DILDO_49_90.jpg;
LAVA POLE FLESH;19.90.jpg;;;Dildos;http://s1.postimg.org/lymr02p8v/LAVA_POLE_FLESH_19_90.jpg;
LEADING MAN, DILDO;25.90.jpg;;;Dildos;http://s1.postimg.org/65hsjm2bz/LEADING_MAN_DILDO_25_90.jpg;
LOVE GLIDER FUCKING MACHINE;599.jpg;;;Dildos;http://s1.postimg.org/ppwbme2xb/LOVE_GLIDER_FUCKING_MACHINE_599.jpg;
MEDAL OF HONOUR - HUGE DILDO;179.jpg;;;Dildos;http://s1.postimg.org/tc24z19an/MEDAL_OF_HONOUR_HUGE_DILDO_179.jpg;
"MIGHTY MUSCLE COCK 9"", WHITE";29.90.jpg;;;Dildos;http://s1.postimg.org/5p16ax3yn/MIGHTY_MUSCLE_COCK_9_WHITE_29_90.jpg;
MILAN DILDO BLACK;89.90.jpg;;;Dildos;http://s1.postimg.org/dj1rwbbrj/MILAN_DILDO_BLACK_89_90.jpg;
NATURE SKIN BIG DONG;57.90.jpg;;;Dildos;http://s1.postimg.org/ci1j76urz/NATURE_SKIN_BIG_DONG_57_90.jpg;
NATURE SKIN REAL DONG;32.90.jpg;;;Dildos;http://s1.postimg.org/l5eql78lr/NATURE_SKIN_REAL_DONG_32_90.jpg;
PRINCE CHARMING 20 CM;19.90.jpg;;;Dildos;http://s1.postimg.org/iclj1689b/PRINCE_CHARMING_20_CM_19_90.jpg;
REALISTXL;32.30.jpeg;;;Dildos;http://s1.postimg.org/r2im20pqn/REALISTXL_32_30.jpg;
REALISTXL DOUBLE DONG;45.90.jpeg;;;Dildos;http://s1.postimg.org/gi8ojfl8v/REALISTXL_DOUBLE_DONG_45_90.jpg;
SAMSONS SWINGING DELIGHT;29.90.jpg;;;Dildos;http://s1.postimg.org/kdc2m04en/SAMSONS_SWINGING_DELIGHT_29_90.jpg;
STRONG AND BRAVE MAN DILDO;26.90.jpg;;;Dildos;http://s1.postimg.org/yovkqwmkv/STRONG_AND_BRAVE_MAN_DILDO_26_90.jpg;
SUPERCOCK, JASON ADONIS;69.90.jpg;;;Dildos;http://s1.postimg.org/qxeuscifj/SUPERCOCK_JASON_ADONIS_69_90.jpg;
THE MANHANDLER BLACK;43.50.jpg;;;Dildos;http://s1.postimg.org/4a46zxs9b/THE_MANHANDLER_BLACK_43_50.jpg;
ULTRA DONG BLACK;33.90.jpg;;;Dildos;http://s1.postimg.org/pl1r47adr/ULTRA_DONG_BLACK_33_90.jpg;
ULTRA DONGS;33.90.jpg;;;Dildos;http://s1.postimg.org/64h1hof9r/ULTRA_DONGS_33_90.jpg;
VALERIO DILDO - BLACK;69.90.jpg;;;Dildos;http://s1.postimg.org/7ksjzti6n/VALERIO_DILDO_BLACK_69_90.jpg;
XSKIN 7 PVC DONG - FLESH;18.90.jpg;;;Dildos;http://s1.postimg.org/bjprin6tr/XSKIN_7_PVC_DONG_FLESH_18_90.jpg;
GLASS WORXX G-SPOT GEMSTONE BLUE;22.90.jpg;;;Glass Dildos;http://s29.postimg.org/j33pmfpvr/GLASS_WORXX_G_SPOT_GEMSTONE_BLUE_22_90.jpg;
ICICLES NO 1;29.90.jpg;;;Glass Dildos;http://s29.postimg.org/n74oexltz/ICICLES_NO_1_29_90.jpg;
ICICLES NO 2;29.90.jpg;;;Glass Dildos;http://s29.postimg.org/9c6dwgrev/ICICLES_NO_2_29_90.jpg;
ICICLES NO 13;32.90.jpg;;;Glass Dildos;http://s29.postimg.org/d0w2vy1fr/ICICLES_NO_13_32_90.jpg;
ICICLES NO 18;52.90.jpg;;;Glass Dildos;http://s29.postimg.org/ruaqgp96v/ICICLES_NO_18_52_90.jpg;
ICICLES NO 30;45.90.jpg;;;Glass Dildos;http://s29.postimg.org/upntnkd6v/ICICLES_NO_30_45_90.jpg;
ICICLES NO 31;35.90.jpg;;;Glass Dildos;http://s29.postimg.org/hpc2r4qmf/ICICLES_NO_31_35_90.jpg;
ICICLES NO 44;29.90.jpg;;;Glass Dildos;http://s29.postimg.org/j724gfkqv/ICICLES_NO_44_29_90.jpg;
ICICLES NO 46, BLACK;29.90.jpg;;;Glass Dildos;http://s29.postimg.org/wchmmjemf/ICICLES_NO_46_BLACK_29_90.jpg;
ICICLES NO. 8;35.90.jpg;;;Glass Dildos;http://s29.postimg.org/t337g2qiv/ICICLES_NO_8_35_90.jpg;
ICICLES NO. 10;29.90.jpg;;;Glass Dildos;http://s29.postimg.org/un8jegyx3/ICICLES_NO_10_29_90.jpg;
ICICLES NO. 14;36.90.jpg;;;Glass Dildos;http://s29.postimg.org/n5zbz99dz/ICICLES_NO_14_36_90.jpg;
ICICLES NO. 16;69.90.jpg;;;Glass Dildos;http://s29.postimg.org/zboj9no3r/ICICLES_NO_16_69_90.jpg;
ICICLES NO. 17;44.90.jpg;;;Glass Dildos;http://s29.postimg.org/gi2qcnpvr/ICICLES_NO_17_44_90.jpg;
ICICLES NO. 19;45.90.jpg;;;Glass Dildos;http://s29.postimg.org/mbcsd81jb/ICICLES_NO_19_45_90.jpg;
ICICLES NO. 20;40.90.jpg;;;Glass Dildos;http://s29.postimg.org/yre3kpk93/ICICLES_NO_20_40_90.jpg;
ICICLES NO. 21;54.90.jpg;;;Glass Dildos;http://s29.postimg.org/yopmk4r7r/ICICLES_NO_21_54_90.jpg;
ICICLES NO. 22;39.90.jpg;;;Glass Dildos;http://s29.postimg.org/6ak7093nr/ICICLES_NO_22_39_90.jpg;
ICICLES NO. 24;49.90.jpg;;;Glass Dildos;http://s29.postimg.org/xeweitmtj/ICICLES_NO_24_49_90.jpg;
ICICLES NO. 49, GLASS BUTT PLUG WITH TAIL;62.90.jpg;;;Glass Dildos;http://s29.postimg.org/seyyavh6v/ICICLES_NO_49_GLASS_BUTT_PLUG_WITH_TAIL_62_90.jpg;
ICICLES NO. 51 PURPLE;34.90.jpg;;;Glass Dildos;http://s29.postimg.org/65l14blqf/ICICLES_NO_51_PURPLE_34_90.jpg;