name;price;sale price;image;Category
"""SLEEPING BAG"", BLACK";169.jpg;;http://s21.postimg.org/dzvvcint3/SLEEPING_BAG_BLACK_169.jpg;BDSM Premium
ANAL PLUG VAGINAL PLUG CHASTITY BELT;229.jpg;;http://s21.postimg.org/hfnzm2l1j/ANAL_PLUG_VAGINAL_PLUG_CHASTITY_BELT_229.jpg;BDSM Premium
ANKLE SPREADER;179.jpg;;http://s21.postimg.org/pmfzdnb47/ANKLE_SPREADER_179.jpg;BDSM Premium
ASSISTANCE BELT, BLACK;89.90.png;;http://s21.postimg.org/4bn0n4idj/ASSISTANCE_BELT_BLACK_89_90.png;BDSM Premium
BAD KITTY SWING;179.jpg;;http://s21.postimg.org/tzeiw2juv/BAD_KITTY_SWING_179.jpg;BDSM Premium
BLACK STRAIT-JACKET WITH SLEEVES;169.jpg;;http://s21.postimg.org/9cptar0g7/BLACK_STRAIT_JACKET_WITH_SLEEVES_169.jpg;BDSM Premium
BODY POSITIONING RESTRAINTS;89.90.jpg;;http://s21.postimg.org/4hw4ch24n/BODY_POSITIONING_RESTRAINTS_89_90.jpg;BDSM Premium
CASABLANCA LOVE CRADLE;229.jpg;;http://s21.postimg.org/jt5xd2zgn/CASABLANCA_LOVE_CRADLE_229.jpg;BDSM Premium
CB-6000;119.jpg;;http://s21.postimg.org/awv5958uf/CB_6000_119.jpg;BDSM Premium
CB-6000 CARTON; 89.90.jpg;;http://s21.postimg.org/ekfhsy6fb/CB_6000_CARTON_89_90.jpg;BDSM Premium
CB-6000, BLACK;89.90.jpg;;http://s21.postimg.org/y0vm1qc5j/CB_6000_BLACK_89_90.jpg;BDSM Premium
CB-6000S;89.90.jpg;;http://s21.postimg.org/a1397fojr/CB_6000_S_89_90.jpg;BDSM Premium
DELUXE FANTASY DOOR SWING;79.90.jpg;;http://s21.postimg.org/uz9f5ioef/DELUXE_FANTASY_DOOR_SWING_79_90.jpg;BDSM Premium
DELUXE SHOCK THERAPY TRAVEL KIT;169.90.jpg;;http://s21.postimg.org/7z2rt6qkn/DELUXE_SHOCK_THERAPY_TRAVEL_KIT_169_90.jpg;BDSM Premium
FANTASY DOOR SWING;79.90.jpg;;http://s21.postimg.org/mktshfnd3/FANTASY_DOOR_SWING_79_90.jpg;BDSM Premium
FEMALE ADJUSTABLE MODEL-T STAINLESS STEEL PREMIUM CHASTITY BELT;199.jpg;;http://s21.postimg.org/p0vlva5fr/FEMALE_ADJUSTABLE_MODEL_T_STAINLESS_STEEL_PREMIU.jpg;BDSM Premium
FF ELITE VIBRATING DOUBLE DELIGHT PURPLE;134.jpg;;http://s21.postimg.org/3trv79ssn/FF_ELITE_VIBRATING_DOUBLE_DELIGHT_PURPLE_134.jpg;BDSM Premium
FF EXTREME - SHOCK THERAPY COCK STRAP;99.jpg;;http://s21.postimg.org/ryskozd3b/FF_EXTREME_SHOCK_THERAPY_COCK_STRAP_99.jpg;BDSM Premium
FF FANTASY SWING - BLACK;199.jpg;;http://s21.postimg.org/flfqi2nev/FF_FANTASY_SWING_BLACK_199.jpg;BDSM Premium
FULL BODY;159.jpg;;http://s21.postimg.org/amxa0npxj/FULL_BODY_159.jpg;BDSM Premium
HAND CHAINS, BLACK; 129.90.png;;http://s21.postimg.org/hmbc00pvr/HAND_CHAINS_BLACK_129_90.png;BDSM Premium
HARDCORE HARNESS FOR MEN;99.90.jpg;;http://s21.postimg.org/u61va0op3/HARDCORE_HARNESS_FOR_MEN_99_90.jpg;BDSM Premium
HEADGEAR, BLACK;139.90.jpg;;http://s21.postimg.org/z799bdw5j/HEADGEAR_BLACK_139_90.jpg;BDSM Premium
HEAVY DUTY STAINLESS STEEL NECK-WRIST SPREADER DETACHABLE;249.jpg;;http://s21.postimg.org/4bs2k8op3/HEAVY_DUTY_STAINLESS_STEEL_NECK_WRIST_SPREADER_D.jpg;BDSM Premium
KINKLAB NEONWAND VIOLET WAND PURPL;159.jpg;;http://s21.postimg.org/jzt9r14av/KINKLAB_NEONWAND_VIOLET_WAND_PURPL_159.jpg;BDSM Premium
LEATHER LEG/WRIST CUFF;129.90.jpg;;http://s21.postimg.org/i9a8pjmrr/LEATHER_LEG_WRIST_CUFF_129_90.jpg;BDSM Premium
LEG TRUSS, LEATHER;89.90.jpg;;http://s21.postimg.org/pqjg4rcav/LEG_TRUSS_LEATHER_89_90.jpg;BDSM Premium
LOUISIANA LOUNGER;199.jpg;;http://s21.postimg.org/r84wgbh1j/LOUISIANA_LOUNGER_199.jpg;BDSM Premium
METAL POSTURE BAR;99.jpg;;http://s21.postimg.org/fx28rya6f/METAL_POSTURE_BAR_99.jpg;BDSM Premium
METALLIST PEENISELUKK;129.jpg;;http://s21.postimg.org/fygrz41dz/METALLIST_PEENISELUKK_129.jpg;BDSM Premium
NECK-WRIST RESTRAINT;239.jpg;;http://s21.postimg.org/pkacfesjr/NECK_WRIST_RESTRAINT_239.jpg;BDSM Premium
"PVC ""SLEEPING BAG""";149.jpg;;http://s21.postimg.org/5i0nws2dj/PVC_SLEEPING_BAG_149.jpg;BDSM Premium
ULL FIXATION RESTRAINTS;249.jpg;;http://s21.postimg.org/n5iguzcav/ULL_FIXATION_RESTRAINTS_249.jpg;BDSM Premium
UNISEX STRAITJACKET;99.jpg;;http://s21.postimg.org/acucv20p3/UNISEX_STRAITJACKET_99.jpg;BDSM Premium
ZADO-LEATHER RESTRAINT;119.jpg;;http://s21.postimg.org/6j0wlwjd3/ZADO_LEATHER_RESTRAINT_119.jpg;BDSM Premium
ZADO-LEDER BODENPRANGER;399.jpg;;http://s21.postimg.org/m723soyyv/ZADO_LEDER_BODENPRANGER_399.jpg;BDSM Premium
BLACK WIDE COLLAR;19.90.jpg;;http://s14.postimg.org/xk05sq6xt/BLACK_WIDE_COLLAR_19_90.jpg;BDSM Collars
BONDAGE COLLAR WITH CLAMPS & WEIGHT;25.jpg;;http://s14.postimg.org/r17bfsuqp/BONDAGE_COLLAR_WITH_CLAMPS_WEIGHT_25.jpg;BDSM Collars
COLLAR CHROME DECORATIONS AND THE WALK;27.90.jpg;;http://s14.postimg.org/g2w1xm65d/COLLAR_CHROME_DECORATIONS_AND_THE_WALK_27_90.jpg;BDSM Collars
COLLAR WITH BREAST HARNESS, BLACK;49.90.jpg;;http://s14.postimg.org/lbr2vhokh/COLLAR_WITH_BREAST_HARNESS_BLACK_49_90.jpg;BDSM Collars
COLLAR WITH CUFFS;39.90.jpg;;http://s14.postimg.org/66uyxz0dd/COLLAR_WITH_CUFFS_39_90.jpg;BDSM Collars
COLLAR WITH CUFFS, BLACK;59.90.jpg;;http://s14.postimg.org/tmcw3bk4h/COLLAR_WITH_CUFFS_BLACK_59_90.jpg;BDSM Collars
COLLAR WITH CUFFS. BLACK;49.90.jpg;;http://s14.postimg.org/fv8f13v6p/COLLAR_WITH_CUFFS_BLACK_49_90.jpg;BDSM Collars
COLLAR WITH DECORATION;27.90.jpg;;http://s14.postimg.org/59ojp3ov5/COLLAR_WITH_DECORATION_27_90.jpg;BDSM Collars
COLLAR WITH HAND-HARNESS, BLACK;89.90.jpg;;http://s14.postimg.org/gajou4h41/COLLAR_WITH_HAND_HARNESS_BLACK_89_90.jpg;BDSM Collars
PINK WIDE COLLAR WITH LEASH;19.90.jpg;;http://s14.postimg.org/4a2u74z35/PINK_WIDE_COLLAR_WITH_LEASH_19_90.jpg;BDSM Collars
RED COLLAR WITH LEASH;39.90.jpg;;http://s14.postimg.org/4pe405l0h/RED_COLLAR_WITH_LEASH_39_90.jpg;BDSM Collars
RIVET COLLAR;34.90.jpg;;http://s14.postimg.org/m1eglleht/RIVET_COLLAR_34_90.jpg;BDSM Collars
SHOCK DELIGHT COLLAR;22.50.jpg;;http://s14.postimg.org/au5mdhd41/SHOCK_DELIGHT_COLLAR_22_50.jpg;BDSM Collars
STUDDED WHITE SUBMISSIVE HIGH NURSE COLLAR;24.90.jpg;;http://s14.postimg.org/t8g5hgpep/STUDDED_WHITE_SUBMISSIVE_HIGH_NURSE_COLLAR_24_90.jpg;BDSM Collars
TALL CURVED POSTURE COLLAR;29.90.jpg;;http://s14.postimg.org/jzdz7cgip/TALL_CURVED_POSTURE_COLLAR_29_90.jpg;BDSM Collars
WIDE COLLAR WITH LEASH;39.90.jpg;;http://s14.postimg.org/zd7nushi9/WIDE_COLLAR_BLACK_39_90.jpg;BDSM Collars
WIDE COLLAR, BLACK;39.90.jpg;;http://s14.postimg.org/93mlbzvkx/WIDE_COLLAR_WITH_LEASH_39_90.jpg;BDSM Collars
X-PLAY BITCH COLLAR;15.90.jpg;;http://s14.postimg.org/osxqc7d0h/X_PLAY_BITCH_COLLAR_15_90.jpg;BDSM Collars
ZADO-LEATHER STUDDED COLLA;36.90.jpg;;http://s14.postimg.org/xmomtazz5/ZADO_LEATHER_STUDDED_COLLA_36_90.jpg;BDSM Collars
"""HANDS TOGETHER"" RESTRAINT SET";25.90.jpg;;http://s21.postimg.org/k0lakutjb/HANDS_TOGETHER_RESTRAINT_SET_25_90.jpg;BDSM Cuffs
ADJUSTABLE ANKLE SPREADERS;69.jpg;;http://s21.postimg.org/ou51ppq13/ADJUSTABLE_ANKLE_SPREADERS_69.jpg;BDSM Cuffs
ANKLE CUFFS; 29.90.jpg;;http://s21.postimg.org/5svlw7guf/ANKLE_CUFFS_29_90.jpg;BDSM Cuffs
ANODIZED CUFFS RED;13.90.jpg;;http://s21.postimg.org/k1v8e9vd3/ANODIZED_CUFFS_RED_13_90.jpg;BDSM Cuffs
ARM AND LEG SHACKLES PINK 21.90.jpg;21.90.jpg;;http://s21.postimg.org/e9v474ljb/ARM_AND_LEG_SHACKLES_PINK_21_90.jpg;BDSM Cuffs
BK HAND/THIGH CUFFS;19.90.jpg;;http://s21.postimg.org/yfym60h6v/BK_HAND_THIGH_CUFFS_19_90.jpg;BDSM Cuffs
BLACK ANKLE CUFFS; 25.90.jpg;;http://s21.postimg.org/m8zh270nb/BLACK_ANKLE_CUFFS_25_90.jpg;BDSM Cuffs
BLING BLING CUFFS BLACK;19.90.jpg;;http://s21.postimg.org/7br016nev/BLING_BLING_CUFFS_BLACK_19_90.jpg;BDSM Cuffs
BLING BLING CUFFS PINK ;19.90.jpg;;http://s21.postimg.org/t0pw51pmv/BLING_BLING_CUFFS_PINK_19_90.jpg;BDSM Cuffs
BONDAGE SET 2;69.90.jpg;;http://s21.postimg.org/gnd1y4zyf/BONDAGE_SET_2_69_90.jpg;BDSM Cuffs
BONDX METAL CUFFS&LOVE ROPE SET-RED;21.90.jpg;;http://s21.postimg.org/4a4t4yznr/BONDX_METAL_CUFFS_LOVE_ROPE_SET_RED_21_90.jpg;BDSM Cuffs
CHROME HAND CUFFS;15.90.jpg;;http://s21.postimg.org/nyd5o05qf/CHROME_HAND_CUFFS_15_90.jpg;BDSM Cuffs
COLLAR AND CUFS BLACK CHAIN;69.90.jpg;;http://s21.postimg.org/65rlg4ohz/COLLAR_AND_CUFS_BLACK_CHAIN_69_90.jpg;BDSM Cuffs
COLLAR AND CUFS CHAIN, BLACK;79.90.jpg;;http://s21.postimg.org/k9ngoivpj/COLLAR_AND_CUFS_CHAIN_BLACK_79_90.jpg;BDSM Cuffs
COLLAR WITH CUFFS;39.90.jpg;;http://s21.postimg.org/7yui4g9on/COLLAR_WITH_CUFFS_39_90.jpg;BDSM Cuffs
COLLAR WITH CUFFS. BLACK;49.90.jpg;;http://s21.postimg.org/c5fcjs9af/COLLAR_WITH_CUFFS_BLACK_49_90.jpg;BDSM Cuffs
COMPLETE LEATHER BONDAGE SET; 159.90.jpg;;http://s21.postimg.org/4x3puhwjr/COMPLETE_LEATHER_BONDAGE_SET_159_90.jpg;BDSM Cuffs
DESIGNER CUFFS, BLACK;11.90.jpg;;http://s21.postimg.org/fvezcol53/DESIGNER_CUFFS_BLACK_11_90.jpg;BDSM Cuffs
DESIGNER CUFFS, PINK;9.50.jpg;;http://s21.postimg.org/7omzl3v2f/DESIGNER_CUFFS_PINK_9_50.jpg;BDSM Cuffs
DESIGNER CUFFS, PURPLE;9.50.jpg;;http://s21.postimg.org/xb95edk3r/DESIGNER_CUFFS_PURPLE_9_50.jpg;BDSM Cuffs
ED FAUX FUR AND LEATHER ANKLE CUFF;14.90.jpg;;http://s21.postimg.org/rohdun6yv/ED_FAUX_FUR_AND_LEATHER_ANKLE_CUFF_14_90.jpg;BDSM Cuffs
EXTREME RESTRAINT;59.95.jpg;;http://s21.postimg.org/d9429hjbb/EXTREME_RESTRAINT_59_95.jpg;BDSM Cuffs
FEATHER LOVE CUFFS, BLACK;19.90.jpg;;http://s21.postimg.org/pl6ymz75z/FEATHER_LOVE_CUFFS_BLACK_19_90.jpg;BDSM Cuffs
FEATHER LOVE CUFFS, RED;19.90.jpg;;http://s21.postimg.org/w05zjndvr/FEATHER_LOVE_CUFFS_RED_19_90.jpg;BDSM Cuffs
FEMALE HANDCUFFS; 59.90.jpg;;http://s21.postimg.org/69q0a4jd3/FEMALE_HANDCUFFS_59_90.jpg;BDSM Cuffs
FESSEL LEO;6.40.jpg;;http://s21.postimg.org/dn5e933ev/FESSEL_LEO_6_40.jpg;BDSM Cuffs
FETISH FANTASY SERIES FURRY LOVE CUFF KIT; 56.90.jpg;;http://s21.postimg.org/9s206ik93/FETISH_FANTASY_SERIES_FURRY_LOVE_CUFF_KIT_56_90.jpg;BDSM Cuffs
FF CUMFY CUFFS;24.90.jpg;;http://s21.postimg.org/m98ntofev/FF_CUMFY_CUFFS_24_90.jpg;BDSM Cuffs
FF GOLD DELUXE FURRY CUFFS;23.90.jpg;;http://s21.postimg.org/9abg4ek1z/FF_GOLD_DELUXE_FURRY_CUFFS_23_90.jpg;BDSM Cuffs
FF HEAVY DUTY CUFFS;32.90.jpg;;http://s21.postimg.org/wi5qd8suf/FF_HEAVY_DUTY_CUFFS_32_90.jpg;BDSM Cuffs
FF PINK FURRY CUFFS;19.90.jpg;;http://s21.postimg.org/6qb7wk747/FFLE_LUV_CUFFS_17_90.jpg;BDSM Cuffs
FFLE LUV CUFFS;17.90.jpg;;http://s21.postimg.org/z4l8u6k1z/FF_PINK_FURRY_CUFFS_19_90.jpg;BDSM Cuffs
FURRY CUFFS, CHEETAH;18.50.jpg;;http://s21.postimg.org/96d1aep6v/FURRY_CUFFS_CHEETAH_18_50.jpg;BDSM Cuffs
FURRY FUN, BLACK;13.0.jpg;;http://s21.postimg.org/ezroopq87/FURRY_FUN_BLACK_13_0.jpg;BDSM Cuffs
FURRY FUN, BLUE;11.00.jpg;;http://s21.postimg.org/s6h4o8lxj/FURRY_FUN_BLUE_11_00.jpg;BDSM Cuffs
FURRY FUN, LEO;11.00.jpg;;http://s21.postimg.org/bjzkf5szr/FURRY_FUN_LEO_11_00.jpg;BDSM Cuffs
FURRY FUN, PINK; 13.50.jpg;;http://s21.postimg.org/5yd5b3sav/FURRY_FUN_PINK_13_50.jpg;BDSM Cuffs
FURRY FUN, PURPLE;13.90.jpg;;http://s21.postimg.org/5t9e1fkzr/FURRY_FUN_PURPLE_13_90.jpg;BDSM Cuffs
FURRY FUN, RED;13.50.jpg;;http://s21.postimg.org/847g5lvrb/FURRY_FUN_RED_13_50.jpg;BDSM Cuffs
FURRY FUN, WHITE;13.90.jpg;;http://s21.postimg.org/flgnktlaf/FURRY_FUN_WHITE_13_90.jpg;BDSM Cuffs
FURRY FUN, ZEBRA;11.00.jpg;;http://s21.postimg.org/kx0m2ndon/FURRY_FUN_ZEBRA_11_00.jpg;BDSM Cuffs
FURRY LEG CUFFS, BLACK;15.90.jpg;;http://s21.postimg.org/x05xq7oqv/FURRY_LEG_CUFFS_BLACK_15_90.jpg;BDSM Cuffs
FURRY LEG CUFFS, LEOPARD;15.90.jpg;;http://s21.postimg.org/z608kps7b/FURRY_LEG_CUFFS_LEOPARD_15_90.jpg;BDSM Cuffs
FURRY LEG CUFFS, PURPLE;15.90.jpg;;http://s21.postimg.org/5s4i54phj/FURRY_LEG_CUFFS_PURPLE_15_90.jpg;BDSM Cuffs
GOLD CUFFS;39.90.jpg;;http://s15.postimg.org/vy28kk06j/GOLD_CUFFS_39_90.jpg;BDSM Cuffs
HAND CHAIN WITH STRAPS, BLACK;49.90.jpg;;http://s15.postimg.org/7qd229muj/HAND_CHAIN_WITH_STRAPS_BLACK_49_90.jpg;BDSM Cuffs
HAND CHAINS, BLACK;129.90.png;;http://s15.postimg.org/88csvv1t7/HAND_CHAINS_BLACK_129_90.png;BDSM Cuffs
HEAVY DUTY STAINLESS STEEL NECK-WRIST SPREADER DETACHABLE; 249.jpg;;http://s15.postimg.org/avxnsh5gr/HEAVY_DUTY_STAINLESS_STEEL_NECK_WRIST_SPREADER_D.jpg;BDSM Cuffs
HIGH QUALITY ADJUSTABLE HAND CUFFS;19.90.jpg;;http://s15.postimg.org/49fld1d63/High_Quality_Adjustable_Hand_Cuffs_HIGH_Q.jpg;BDSM Cuffs
"LEATHER ""MITTENS"", BLACK";79.90.png;;http://s15.postimg.org/5jdes36y3/LEATHER_MITTENS_BLACK_79_90.png;BDSM Cuffs
LEATHER CUFFS WITH STUDS;21.9.jpg;;http://s15.postimg.org/5tkxbflkb/LEATHER_CUFFS_WITH_STUDS_21_9.jpg;BDSM Cuffs
LOVE CUFFS, BLUE;11.50.jpg;;http://s15.postimg.org/4q0szh0x7/LOVE_CUFFS_BLUE_11_50.jpg;BDSM Cuffs
LOVE CUFFS, LEO; 12.00.jpg;;http://s15.postimg.org/7cgbges4r/LOVE_CUFFS_LEO_12_00.jpg;BDSM Cuffs
LOVE CUFFS, PINK;12.00.jpg;;http://s15.postimg.org/6kdnh7nxn/LOVE_CUFFS_PINK_12_00.jpg;BDSM Cuffs
LOVE CUFFS, PURPLE;11.50.jpg;;http://s15.postimg.org/rns62pkh7/LOVE_CUFFS_PURPLE_11_50.jpg;BDSM Cuffs
LOVE CUFFS, TIGR 12ÑŽ00.jpg;12.00;;http://s15.postimg.org/3u4bk0r8r/LOVE_CUFFS_TIGR_12_00.jpg;BDSM Cuffs
LOVE CUFFS, WHITE;11.50.jpg;;http://s15.postimg.org/vvicxpwiz/LOVE_CUFFS_WHITE_11_50.jpg;BDSM Cuffs
METAL-CUFFS;59.90.jpg;;http://s15.postimg.org/z51dhxa0b/METAL_CUFFS_59_90.jpg;BDSM Cuffs
NECK-WRIST RESTRAINT;239.90.jpg;;http://s15.postimg.org/52wsje8kr/NECK_WRIST_RESTRAINT_239_90.jpg;BDSM Cuffs
OFFICIAL HANDCUFFS;12.90.jpg;;http://s15.postimg.org/jegaoaqqz/OFFICIAL_HANDCUFFS_12_90.jpg;BDSM Cuffs
RED FAUX FUR AND LEATHER HANDCUFFS;14.90.jpg;;http://s15.postimg.org/g3rxof0tn/RED_FAUX_FUR_AND_LEATHER_HANDCUFFS_14_90.jpg;BDSM Cuffs
RESTRAINTS & ANKLE CUFFS;20.90.jpg;;http://s15.postimg.org/dzc612okr/RESTRAINTS_ANKLE_CUFFS_20_90.jpg;BDSM Cuffs
S&M FURRY HANDCUFFS, BLACK;25.90.jpg;;http://s15.postimg.org/4fxvtvbor/S_M_FURRY_HANDCUFFS_BLACK_25_90.jpg;BDSM Cuffs
SOFT CUFFS; 14.90.jpg;;http://s15.postimg.org/ftkf52m7f/SOFT_CUFFS_14_90.jpg;BDSM Cuffs
STAINLESS STEEL RESTRAINT;69.90.jpg;;http://s15.postimg.org/470b3xywb/STAINLESS_STEEL_RESTRAINT_69_90.jpg;BDSM Cuffs
SWEETHEART HAND CUFFS;21.90.jpg;;http://s15.postimg.org/48a8xd0q3/SWEETHEART_HAND_CUFFS_21_90.jpg;BDSM Cuffs
THUMB CUFFS;13.90.jpg;;http://s15.postimg.org/y1lujpeqz/THUMB_CUFFS_13_90.jpg;BDSM Cuffs
ULTRA CUFF SET;24.90.jpg;;http://s15.postimg.org/qznwxib57/ULTRA_CUFF_SET_24_90.jpg;BDSM Cuffs
UNISEX LUXURY DUNGEON IRONS;69.90.jpg;;http://s15.postimg.org/641mm9ey3/UNISEX_LUXURY_DUNGEON_IRONS_69_90.jpg;BDSM Cuffs
BALL GAG WITH BLINDER;14.90.jpg;;http://s13.postimg.org/dczegih3r/BALL_GAG_WITH_BLINDER_14_90.jpg;Masks & Gags
BALL GAG WITH LEATHER STRAPS;39.90.jpg;;http://s13.postimg.org/bnqb8g1ef/BALL_GAG_WITH_LEATHER_STRAPS_39_90.jpg;Masks & Gags
BEGINNER'S BIT GAG;14.50.jpg;;http://s13.postimg.org/bc8uvokyf/BEGINNER_S_BIT_GAG_14_50.jpg;Masks & Gags
BESIRED EYEMASK; 18.90.jpg;;http://s13.postimg.org/3xol0f5ef/BESIRED_EYEMASK_18_90.jpg;Masks & Gags
BLACK BALL GAG;11.90.jpg;;http://s13.postimg.org/pitno1253/BLACK_BALL_GAG_11_90.jpg;Masks & Gags
BLACK BONDAGE MASK;79.90.jpg;;http://s13.postimg.org/ues8ilvyv/BLACK_BONDAGE_MASK_79_90.jpg;Masks & Gags
CANVAS HEADGEAR, WHITE;59.90.jpg;;http://s13.postimg.org/75t2dgro7/CANVAS_HEADGEAR_WHITE_59_90.jpg;Masks & Gags
DELUXE BREATHABLE GAG;15.50.jpg;;http://s13.postimg.org/knzypr3tj/DELUXE_BREATHABLE_GAG_15_50.jpg;Masks & Gags
DELUXE FANTASY LOVE MASK;14.50.jpg;;http://s13.postimg.org/pub40sil3/DELUXE_FANTASY_LOVE_MASK_14_50.jpg;Masks & Gags
DIAMOND BALL GAG, CLEAR;22.40.jpg;;http://s13.postimg.org/w1mi0yec7/DIAMOND_BALL_GAG_CLEAR_22_40.jpg;Masks & Gags
DIAMOND DARLING BLACK EYEMASK 19.90.jpg;19.90.jpg;;http://s13.postimg.org/5oc7fncbb/DIAMOND_DARLING_BLACK_EYEMASK_19_90.jpg;Masks & Gags
DILDO GAG, BLACK;39.90.jpg;;http://s13.postimg.org/jxbtxpqtz/DILDO_GAG_BLACK_39_90.jpg;Masks & Gags
DOGGIE HOOD AND LEASH;69.90.jpg;;http://s13.postimg.org/je25apa1j/DOGGIE_HOOD_AND_LEASH_69_90.jpg;Masks & Gags
FACE MASK; 39.95.jpg;;http://s13.postimg.org/xvzcip1cn/FACE_MASK_39_95.jpg;Masks & Gags
FETISH COLLECTION GAG;15.90.jpg;;http://s13.postimg.org/nogt6af4n/FETISH_COLLECTION_GAG_15_90.jpg;Masks & Gags
FETISH FANTASY EXTREME GAG BINDER MASK;39.90.jpg;;http://s13.postimg.org/oupeitst3/FETISH_FANTASY_EXTREME_GAG_BINDER_MASK_39_90.jpg;Masks & Gags
FETISH FANTASY EXTREME SPIDER GAG; 24.90.jpg;;http://s13.postimg.org/gezu1bpxz/FETISH_FANTASY_EXTREME_SPIDER_GAG_24_90.jpg;Masks & Gags
FF EXTREME - FREAKY JASON MASK;19.90.jpg;;http://s13.postimg.org/y6bgfs5cn/FF_EXTREME_FREAKY_JASON_MASK_19_90.jpg;Masks & Gags
FF EXTREME BLACK BARON HOOD;39.90.jpg;;http://s13.postimg.org/eczcn2ryv/FF_EXTREME_BLACK_BARON_HOOD_39_90.jpg;Masks & Gags
FF EXTREME EXECUTIONER HOOD;19.90.jpg;;http://s13.postimg.org/73idi42s7/FF_EXTREME_EXECUTIONER_HOOD_19_90.jpg;Masks & Gags
FIFTY SHADES OF GREY - MASKS ON;19.90.jpg;;http://s13.postimg.org/6mskhxpnb/FIFTY_SHADES_OF_GREY_MASKS_ON_19_90.jpg;Masks & Gags
GAG WITH BLINDER EYES DETACHABLE;29.90.jpg;;http://s13.postimg.org/3v9arbr4n/GAG_WITH_BLINDER_EYES_DETACHABLE_29_90.jpg;Masks & Gags
GAG WITH DILDO; 27.90.jpg;;http://s13.postimg.org/f3s2suuc7/GAG_WITH_DILDO_27_90.jpg;Masks & Gags
GAG WITH DONG;69.90.jpg;;http://s13.postimg.org/z0y01td7b/GAG_WITH_DONG_69_90.jpg;Masks & Gags
GOTHIC LEATHER BLACK HOOD;89.90.jpg;;http://s13.postimg.org/9yvgoz6s7/GOTHIC_LEATHER_BLACK_HOOD_89_90.jpg;Masks & Gags
HARNESS BALL GAG WITH BLINDER;39.90.jpg;;http://s14.postimg.org/3lpj92cgx/HARNESS_BALL_GAG_WITH_BLINDER_39_90.jpg;Masks & Gags
HEAD MASK STUDS;22.80.jpg;;http://s14.postimg.org/5ozygqc9t/HEAD_MASK_STUDS_22_80.jpg;Masks & Gags
HEADGEAR, BLACK;139.90.jpg;;http://s14.postimg.org/u9bxrgiht/HEADGEAR_BLACK_139_90.jpg;Masks & Gags
HEADGEAR, PVC;39.90.jpg;;http://s14.postimg.org/977czdns1/HEADGEAR_PVC_39_90.jpg;Masks & Gags
HEADSTRAPS WITH BALL GAG;45.90.jpg;;http://s14.postimg.org/3zqv8nwkh/HEADSTRAPS_WITH_BALL_GAG_45_90.jpg;Masks & Gags
HEADSTRAPS WITH SPIDER-GAG;39.90.jpg;;http://s14.postimg.org/io1rjqx0h/HEADSTRAPS_WITH_SPIDER_GAG_39_90.jpg;Masks & Gags
INFLATABLE BALL GAG;49.90.jpg;;http://s14.postimg.org/s7bgd7kip/INFLATABLE_BALL_GAG_49_90.jpg;Masks & Gags
LATEX GAS MASK;69.90.jpg;;http://s14.postimg.org/youcwpuw1/LATEX_GAS_MASK_69_90.jpg;Masks & Gags
"MASK ""FANCY PARTY""";13.90.jpg;;http://s14.postimg.org/82hw7qqox/MASK_FANCY_PARTY_13_90.jpg;Masks & Gags
"MASK ""HEAD X""";79.90.jpg;;http://s14.postimg.org/l97c79me9/MASK_HEAD_X_79_90.jpg;Masks & Gags
METAL O-GAG;19.90.jpg;;http://s14.postimg.org/h1h5c9ach/METAL_O_GAG_19_90.jpg;Masks & Gags
MOUTH-HOOKS;27.90.jpg;;http://s14.postimg.org/z5k5ww80x/MOUTH_HOOKS_27_90.jpg;Masks & Gags
MOUTHGAG;39.90.jpg;;http://s14.postimg.org/st50n24yp/MOUTHGAG_39_90.jpg;Masks & Gags
MOUTHMASK;32.90.jpg;;http://s14.postimg.org/g30s9yx0h/MOUTHMASK_32_90.jpg;Masks & Gags
NAILS HARNESS GAG WITH COVER;39.90.jpg;;http://s14.postimg.org/uaqgym9pd/NAILS_HARNESS_GAG_WITH_COVER_39_90.jpg;Masks & Gags
NINJA-HEADGEAR, BLACK PVC;29.90.jpg;;http://s14.postimg.org/zanx6kfc1/NINJA_HEADGEAR_BLACK_PVC_29_90.jpg;Masks & Gags
NOSE-GAG;22.90.jpg;;http://s14.postimg.org/9t5imyxlt/NOSE_GAG_22_90.jpg;Masks & Gags
OPEN MOUTH GAG HEAD HARNESS WITH COVER, 100% LEATHER;49.90.jpg;;http://s28.postimg.org/i45afx9jh/OPEN_MOUTH_GAG_HEAD_HARNESS_WITH_COVER_100_LEA.jpg;Masks & Gags
OPEN MOUTH GAG HEAD HARNESS WITH COVER;39.90.jpg;;http://s28.postimg.org/grnle1c3x/OPEN_MOUTH_GAG_HEAD_HARNESS_WITH_COVER39_90.jpg;Masks & Gags
OPEN MOUTH GAG WITH COVER;52.90.jpg;;http://s28.postimg.org/n03vai3d9/OPEN_MOUTH_GAG_WITH_COVER_52_90.jpg;Masks & Gags
PENIS BALL GAG;16.00.jpg;;http://s28.postimg.org/uu9it0hhp/PENIS_BALL_GAG_16_00.jpg;Masks & Gags
PLATINUM BALL GAG;21.20.jpg;;http://s28.postimg.org/9aedytmkt/PLATINUM_BALL_GAG_21_20.jpg;Masks & Gags
RED BALL GAG;13.90.jpg;;http://s28.postimg.org/lmc8f743x/RED_BALL_GAG_13_90.jpg;Masks & Gags
RED COLLAR WITH LEASH;39.90.jpg;;http://s28.postimg.org/4koga7vkd/RED_COLLAR_WITH_LEASH_39_90.jpg;Masks & Gags
RING GAG;12.90.jpg;;http://s28.postimg.org/7c7q0tu31/RING_GAG_12_90.jpg;Masks & Gags
SATIN LOVE MASK, BLACK;8.90.jpg;;http://s28.postimg.org/z3iu8xa4t/SATIN_LOVE_MASK_BLACK_8_90.jpg;Masks & Gags
SPANDEX 3 HOLE HOOD, BLACK;24.90.jpg;;http://s28.postimg.org/tyd1dk7t9/SPANDEX_3_HOLE_HOOD_BLACK_24_00.jpg;Masks & Gags
SPANDEX FULL-FACE HOOD;24.90.jpg;;http://s28.postimg.org/k2bydx219/SPANDEX_FULL_FACE_HOOD_24_90.jpg;Masks & Gags
SPIDER O-GAG;19.90.jpg;;http://s28.postimg.org/ljxeph6rx/SPIDER_O_GAG_19_90.jpg;Masks & Gags
SUEDE MUZZLE; 24.50.jpg;;http://s28.postimg.org/jw2uokia5/SUEDE_MUZZLE_24_50.jpg;Masks & Gags
ZIPPER HEAD HOOD;42.90.jpg;;http://s28.postimg.org/bf3cdndl9/ZIPPER_HEAD_HOOD_42_90.jpg;Masks & Gags
6PC SEXY TOYS NOVEL SM PROPS;29.95.jpg;;http://s29.postimg.org/re7hhd087/6_PC_SEXY_TOYS_NOVEL_SM_PROPS_29_95.jpg;BDSM Sets
AMAZING BONDAGE SEX TOY KIT 45.90.jpg;45.90.jpg;;http://s29.postimg.org/42jds9lyf/AMAZING_BONDAGE_SEX_TOY_KIT_45_90.jpg;BDSM Sets
ANIMAL INSTINCT 5PC BONDAGE KIT;79.90.jpg;;http://s29.postimg.org/fsxb9neqv/ANIMAL_INSTINCT_5_PC_BONDAGE_KIT_79_90.jpg;BDSM Sets
"BAD KITTY ""PENIS TRAP"" KIT";25.90.jpg;;http://s29.postimg.org/o4t2awc4n/BAD_KITTY_PENIS_TRAP_KIT_25_90.jpg;BDSM Sets
BAD KITTY BONDAGE KIT;36.90.jpg;;http://s29.postimg.org/tk1sbv3on/BAD_KITTY_BONDAGE_KIT_36_90.jpg;BDSM Sets
BAD KITTY HIP-TO-WRIST RESTRAINTS;25.90.jpg;;http://s29.postimg.org/x13ueu2qv/BAD_KITTY_HIP_TO_WRIST_RESTRAINTS_25_90.jpg;BDSM Sets
BAD KITTY SWING;179.90.jpg;;http://s29.postimg.org/nphshvq7b/BAD_KITTY_SWING_179_90.jpg;BDSM Sets
BDSM STARTER KIT;45.90.jpg;;http://s29.postimg.org/5clsl2547/BDSM_STARTER_KIT_45_90.jpg;BDSM Sets
BEDROOM LOVERS KIT;25.90.jpg;;http://s29.postimg.org/fu7932gkn/BEDROOM_LOVERS_KIT_25_90.jpg;BDSM Sets
BLACK BONDAGE KIT;25.90.jpg;;http://s29.postimg.org/rxckqmrmv/BLACK_BONDAGE_KIT_25_90.jpg;BDSM Sets
BLACK SEXY ACCESSORIES;45.90.jpg;;http://s29.postimg.org/elnyv6e07/BLACK_SEXY_ACCESSORIES_45_90.jpg;BDSM Sets
BONDAGE STRAPS;59.90.jpg;;http://s29.postimg.org/e683of2p3/BONDAGE_STRAPS_59_90.jpg;BDSM Sets
BONDX METAL CUFFS&LOVE ROPE SET-RED; 21.90.jpg;;http://s29.postimg.org/s3uv7gq5j/BONDX_METAL_CUFFS_LOVE_ROPE_SET_RED_21_90.jpg;BDSM Sets
FANTASY DOOR SWING; 79.90.jpg;;http://s29.postimg.org/yitw44wvb/FANTASY_DOOR_SWING_79_90.jpg;BDSM Sets
FANTASY KIT;18.90.jpg;;http://s29.postimg.org/ty7pp7d5z/FANTASY_KIT_18_90.jpg;BDSM Sets
18.90.jpg;18.90.jpg;;http://s29.postimg.org/izwg70okn/FETISH_FANTASY_JAPANESE_SILK_ROPE_KIT_18_90.jpg;BDSM Sets
FETISH FANTASY SERIES EXTREME HOG-TIE SET;43.90.jpg;;http://s29.postimg.org/qax0g9baf/FETISH_FANTASY_SERIES_EXTREME_HOG_TIE_SET_43_90.jpg;BDSM Sets
FETISH FANTASY SERIES FURRY LOVE CUFF KIT;56.90.jpg;;http://s29.postimg.org/5mtb4ejqf/FETISH_FANTASY_SERIES_FURRY_LOVE_CUFF_KIT_56_90.jpg;BDSM Sets
FETISH FANTASY SERIES HONEYMOON BONDAGE KIT;47.90.jpg;;http://s29.postimg.org/ak6vpilpj/FETISH_FANTASY_SERIES_HONEYMOON_BONDAGE_KIT_47_9.jpg;BDSM Sets
FETISH KIT SHADES;65.90.jpg;;http://s29.postimg.org/f8mvkpaw7/FETISH_KIT_SHADES_65_90.jpg;BDSM Sets
FF BALL GAG & NIPPLE CLAMPS;39.90.jpg;;http://s29.postimg.org/6mjm03yw7/FF_BALL_GAG_NIPPLE_CLAMPS_39_90.jpg;BDSM Sets
FF BREATHABLE BALL GAG RESTRAINT; 49.90.jpg;;http://s29.postimg.org/5pi8octpj/FF_BREATHABLE_BALL_GAG_RESTRAINT_49_90.jpg;BDSM Sets
FF CUFF & TEATHER SET;62.90.jpg;;http://s29.postimg.org/ranbbyqg7/FF_CUFF_TEATHER_SET_62_90.jpg;BDSM Sets
FF GOLD - HOGTIE KIT;109;99.jpg;http://s29.postimg.org/52jbytwtj/FF_GOLD_HOGTIE_KIT_109_99.jpg;BDSM Sets
FFLE MASQUERADE MASK & BALL GAG;39.90.jpg;;http://s29.postimg.org/tkbfmpzdz/FFLE_MASQUERADE_MASK_BALL_GAG_39_90.jpg;BDSM Sets
FFLE WRAPAROUND MATTRESS RESTRAINT;52.90.jpg;;http://s29.postimg.org/epmu8jpt3/FFLE_WRAPAROUND_MATTRESS_RESTRAINT_52_90.jpg;BDSM Sets
INTRO IN S&M KIT;37.90.jpg;;http://s29.postimg.org/4gud2q1rb/INTRO_IN_S_M_KIT_37_90.jpg;BDSM Sets
KINKY KITTY KIT;79.90.jpg;;http://s29.postimg.org/s0ap22gdj/KINKY_KITTY_KIT_79_90.jpg;BDSM Sets
LOVER'S FANTASY KIT;17.90.jpg;;http://s29.postimg.org/4je8pk5ev/LOVER_S_FANTASY_KIT_17_90.jpg;BDSM Sets
NIBUKLAMBRITE JA VIBRAATORI KOMPLEKT;14.90.jpg;;http://s29.postimg.org/8ehms4okn/NIBUKLAMBRITE_JA_VIBRAATORI_KOMPLEKT_14_90.jpg;BDSM Sets
PINK PASSION BONDAGE KIT;62.90.jpg;;http://s29.postimg.org/vii3kprvr/PINK_PASSION_BONDAGE_KIT_62_90.jpg;BDSM Sets
SPREAD EM BAR & CUFF SET;99.jpg;;http://s29.postimg.org/rc1uj4hnr/SPREAD_EM_BAR_CUFF_SET_99.jpg;BDSM Sets
STRAP ON MISTRESS SET (L);79.90.jpg;;http://s29.postimg.org/5e5dpc2nb/STRAP_ON_MISTRESS_SET_L_79_90.jpg;BDSM Sets
SUB & DOM KIT;25.90.jpg;;http://s29.postimg.org/dm7babujr/SUB_DOM_KIT_25_90.jpg;BDSM Sets
TASCHE FESSELSET;45.90.jpg;;http://s29.postimg.org/dxorn3azr/TASCHE_FESSELSET_45_90.jpg;BDSM Sets
ANAL BEAD WHIP;15.90.jpg;;http://s11.postimg.org/5uzosa37n/ANAL_BEAD_WHIP_15_90.jpg;BDSM Whips
BLACK LEATHER CROP;38.90.jpg;;http://s11.postimg.org/bfc62x22r/BLACK_LEATHER_CROP_38_90.jpg;BDSM Whips
BLACK/RED WHIP WITH HANDLE 19.90.jpg; 19.90.jpg;;http://s11.postimg.org/x84vn19s3/BLACK_RED_WHIP_WITH_HANDLE_19_90.jpg;BDSM Whips
BRAIDED CAT-O-NINE;30.90.jpg;;http://s11.postimg.org/3nvg4cxxf/BRAIDED_CAT_O_NINE_30_90.jpg;BDSM Whips
BRAIDED NYLON BULL WHIP;18.90.jpg;;http://s11.postimg.org/wrjo0lm0z/BRAIDED_NYLON_BULL_WHIP_18_90.jpg;BDSM Whips
CUTE LITTLE WHIP;4.90.jpg;;http://s11.postimg.org/ai5qu1qkj/CUTE_LITTLE_WHIP_4_90.jpg;BDSM Whips
DESIGNER PADDLE II;16.90.jpg;;http://s11.postimg.org/vhluljs8z/DESIGNER_PADDLE_II_16_90.jpg;BDSM Whips
FEATHER DUSTER; 5.90.jpg;;http://s11.postimg.org/rz9up5rcz/FEATHER_DUSTER_5_90.jpg;BDSM Whips
FEATHER TICKLER, PURPLE;9.90.jpg;;http://s11.postimg.org/ttrakn3r7/FEATHER_TICKLER_PURPLE_9_90.jpg;BDSM Whips
FF DELUXE CAT O NINE TAILS;12.90.jpg;;http://s11.postimg.org/y1m2te56r/FF_DELUXE_CAT_O_NINE_TAILS_12_90.jpg;BDSM Whips
FF DELUXE PURPLE RIDING CROP;13.90.jpg;;http://s11.postimg.org/om67g6n5v/FF_DELUXE_PURPLE_RIDING_CROP_13_90.jpg;BDSM Whips
FF DELUXE RED RIDING CROP 13.90.jpg;13.90.jpg;;http://s11.postimg.org/rhjan1r5v/FF_DELUXE_RED_RIDING_CROP_13_90.jpg;BDSM Whips
FF EXTREME SILICONE BUTT PLUG WHIP;29.90.jpg;;http://s11.postimg.org/6081fozwj/FF_EXTREME_SILICONE_BUTT_PLUG_WHIP_29_90.jpg;BDSM Whips
FF OBEDIENCE BATON;19.90.jpg;;http://s11.postimg.org/p41cw1cqr/FF_OBEDIENCE_BATON_19_90.jpg;BDSM Whips
FRISKY FEATHER DUSTER, BLACK;15.90.jpg;;http://s11.postimg.org/yysi29goz/FRISKY_FEATHER_DUSTER_BLACK_15_90.jpg;BDSM Whips
HEART LEATHER PADDLE;18.90.jpg;;http://s11.postimg.org/ip2bzd60z/HEART_LEATHER_PADDLE_18_90.jpg;BDSM Whips
INTRO IN S&M KIT;37.90.jpg;;http://s11.postimg.org/o5pl7hosj/INTRO_IN_S_M_KIT_37_90.jpg;BDSM Whips
LEATHER WHIP;18.90.jpg;;http://s11.postimg.org/c5456rhdv/LEATHER_WHIP_BLACK_28_90.jpg;BDSM Whips
LEATHER WHIP;24.90.jpg;;http://s11.postimg.org/v7nitoseb/LEATHER_WHIP_18_90.jpg;BDSM Whips
LEATHER WHIP, BLACK;28.90.jpg;;http://s11.postimg.org/atwdyals3/LEATHER_WHIP_24_90.jpg;BDSM Whips
LONG LEATHER WHIP;49.90.jpg;;http://s11.postimg.org/8baoxm01v/LONG_LEATHER_WHIP_49_90.jpg;BDSM Whips
MAMA SAID KNOCK YOU OUT;10.jpg;;http://s11.postimg.org/dlfnowkar/MAMA_SAID_KNOCK_YOU_OUT_10.jpg;BDSM Whips
PINK LUV PADDLE;28.90.jpg;;http://s11.postimg.org/byqg3o88z/PINK_LUV_PADDLE_28_90.jpg;BDSM Whips
POWERFUL LEATHER WHIP;24.90.jpg;;http://s11.postimg.org/m7ix9hwar/POWERFUL_LEATHER_WHIP_24_90.jpg;BDSM Whips
RED WHIP;9.90.jpg;;http://s11.postimg.org/bahlkq9j7/RED_WHIP_9_90.jpg;BDSM Whips
RUBBER PADDLE;15.90.jpg;;http://s11.postimg.org/6d40zm7k3/RUBBER_PADDLE_15_90.jpg;BDSM Whips
SEX WHIP, SILVER;9.90.jpg;;http://s11.postimg.org/6icdn148z/SEX_WHIP_SILVER_9_90.jpg;BDSM Whips
SILICONE CANE HEART;14.90.jpg;;http://s11.postimg.org/sqgd05xvn/SILICONE_CANE_HEART_14_90.jpg;BDSM Whips
SLAP HAPPY BATON;26.00.jpg;;http://s11.postimg.org/seywnehfn/SLAP_HAPPY_BATON_26_00.jpg;BDSM Whips
TASCHE FESSELSET;43.90.jpg;;http://s11.postimg.org/b2yk1ynyb/TASCHE_FESSELSET_43_90.jpg;BDSM Whips
"WHIP ""CAT-O-NINE TAILS""";15.90.jpg;;http://s11.postimg.org/tz48lsptv/WHIP_CAT_O_NINE_TAILS_15_90.jpg;BDSM Whips
WHIP BLACK/WHITE;17.90.jpg;;http://s11.postimg.org/8s0hxsd6r/WHIP_BLACK_WHITE_17_90.jpg;BDSM Whips
X-PLAY MINI HEART SHAPED CROP RED;12.90.jpg;;http://s11.postimg.org/83rneuegz/X_PLAY_MINI_HEART_SHAPED_CROP_RED_12_90.jpg;BDSM Whips