Name;Price;Sale Price;Image;
AMORINO, PINK;67.90;46.90;http://postimg.org/image/c4jqwcohp/;
B BALLS, BLACK;29.90;;http://postimg.org/image/ypa2iju2l/;
BENDYBEADS, BLACK;21.90;;http://postimg.org/image/lz5u5gm4d/;
BENDYBEADS, VIOLET;21.90;;http://postimg.org/image/o16bjpk3h/;
BOOSTY, BLACK;24.90;;http://postimg.org/image/kyandgbgd/;
BOOTIE, BLACK;19.90;;http://postimg.org/image/gb4lboo3h/;
BOOTIE, VIOLET;19.90;;http://postimg.org/image/xs8p6sovx/;
CLICK 'N' CHARGE DELIGHT, BABY ROSE/ROSE;89.90;;http://postimg.org/image/gk261m0vx/;
COBRA LIBRE II + RAIN PENISRING;122;109;http://postimg.org/image/wsieb39q5/;
DELIGHT, BLACKBERRY & BLACK;89.90;;http://postimg.org/image/id52pxm2l/;
DUKE, BLACK;59.90;;http://postimg.org/image/445g7v7jx/;
FLASH, RED;39.90;;http://postimg.org/image/i81bg9erh/;
FLEXI FELIX, BLACK;21.90;;http://postimg.org/image/8xtsqgtfh/;
FLEXI FELIX, PINK;21.90;;http://postimg.org/image/w0kbpmuwt/;
FLORA, INDIA RED;54.90;;http://postimg.org/image/5a9g6nvul/;
FUN FACTORY CAVALIER;29.90;;http://postimg.org/image/ts658anst/;
FUN FACTORY CLICK N CHARGE;4.90;;http://postimg.org/image/rovq0mnzx/;
FUN FACTORY COBRA LIBRE II;109;;http://postimg.org/image/d9iefh0cd/;
FUN FACTORY ELLOVE;57.0;;http://postimg.org/image/4h1frsf7h/;
FUN FACTORY JAM SMARTVIBE;19.90;;http://postimg.org/image/hjx2b25fh/;
FUN FACTORY LOVERING 8IGHT;21.90;;http://postimg.org/image/dq3m1wo3h/;
FUN FACTORY NEW WAVE DILDO;79.90;;http://postimg.org/image/x987b9mv1/;
FUN FACTORY SHAREVIBE;99.90;;http://postimg.org/image/dc6vg1tdp/;
FUN FACTORY TIGER STUB DILDO;49.90;;http://postimg.org/image/g9z8w0bnh/;
FUN FACTORY TOYFLUID 100ML;12.50;;http://postimg.org/image/ye6uudypp/;
FUNFACTORY PASSIONATE SHADOWS BOX;89.90;;http://postimg.org/image/6unywjj0d/;
G4 CLICK 'N' CHARGE BIG BOSS, BLACK;75;;http://postimg.org/image/875nyfgfx/;
G4 CLICK 'N' CHARGE BIG BOSS, ORANGE;74.90;;http://postimg.org/image/kn2ds69rx/;
G4 CLICK 'N' CHARGE ELEGANCE, BLACKBERRY;74.90;;http://postimg.org/image/g3q56nrwd/;
G4 CLICK 'N' CHARGE PAUL & PAULINA, CANDY ROSE;79.90;;http://postimg.org/image/f2pwhjawt/;
GALAN, BLUE;41.00;;http://postimg.org/image/a6m9puarh/;
GIGOLINO - NEON ORANGE;39.90;;http://postimg.org/image/tpquz79j1/;
LAYASPOT - PINK;45.90;;http://postimg.org/image/jgydtdlh9/;
LAYASPOT, BLACK/SILVER;44.90;;http://postimg.org/image/du6m9n8cd/;
LITTLE PAUL - MINIVIBE - CANDY ROSE,;35-25;;http://postimg.org/image/x0jtctou5/;
MEANY, NEON YELLOW;37.90;;http://postimg.org/image/xel5cf8xp/;
MEANY, PURPLE;37.90;;http://postimg.org/image/dmizd4xdp/;
MINIVIBE BABY BUG, FRESH GREEN;29.90;;http://postimg.org/image/k1i09t43h/;
MINIVIBE BABY BUG, WATERMELON;24.95;;http://postimg.org/image/e1u965jb1/;
MINIVIBE CLICK 'N' CHARGE BUBBLES, CANDY ROSE;44.90;;http://postimg.org/image/g2ksqzfgd/;
MINIVIBE CLICK 'N' CHARGE LITTLE PAUL, FRESH GREEN;35;29.90;http://postimg.org/image/583cp1wcd/;
MINIVIBE LITTLE PAUL, RED, SAVE;32;25;http://postimg.org/image/5an8bvzzx/;
MINIVIBE SPRING, RED;39.90;;http://postimg.org/image/4wlwcafwd/;
PATCHY PAUL G3, GREEN;64.90;;http://postimg.org/image/644fi8vel/;
PATCHY PAUL G3, PINK;64.90;;http://postimg.org/image/f9csc3yt9/;
PATCHY PAUL« – G4 - RED;74.90;;http://postimg.org/image/3ya4nqry5/;
PATCHY PAUL« – G4 + FREE 50ML LUBRICANT;74.90;;http://postimg.org/image/l1cwj98n1/;
PEARLY, CANDY GREEN;59.90;;http://postimg.org/image/8o02cciyl/;
PEARLY, GRAPE;59.90;;http://postimg.org/image/bjd5j7myl/;
PULSATOR STRONIC ZWEI;159;145;http://postimg.org/image/f4912fri5/;
RAIN, BLACK;12.90;;http://postimg.org/image/gkkjkkuf1/;
SEMILINO, BLACK;59.90;;http://postimg.org/image/l7qlmchrx/;
SEMIREALISTIC G3 VIBRATOR - PURPLE;54.90;;http://postimg.org/image/k84w4drzx/;
SHARE XL;84.90;;http://postimg.org/image/hcn7jrym5/;
SMARTBALLS DUO -PINK & WHITE;24.90;;http://postimg.org/image/km683zc3h/;
SMARTBALLS DUO -RED & BLACK;24.90;;http://postimg.org/image/5g06d1m2l/;
SMARTBALLS DUO -RED & WHITE;24.90;;http://postimg.org/image/hglmdrth9/;
SMARTBALLS TENEO UNO, GREEN;15.90;;http://postimg.org/image/7ylvdq7st/;
SMARTBALLS UNO - PURPLE & WHITE;19.90;;http://postimg.org/image/ptrb8fsot/;
SMARTBALLS UNO - RED & BLACK;19.90;;http://postimg.org/image/edkwaeeil/;
SMARTBALLS UNO - RED & WHITE;19.90;;http://postimg.org/image/luu3pm41p/;
STRONIC DREI;139;119;http://postimg.org/image/fieyfs0zh/;
STRONIC EINS, DARK VIOLET;139;119;http://postimg.org/image/3khzfmmm5/;
STRONIC EINS, RED;135;119;http://postimg.org/image/5nnt9jx19/;
STUBS SHARE, BABY ROSE;75;55;http://postimg.org/image/s2a33ip6l/;
STUBS SHARE, BLACK;75;55;http://postimg.org/image/3zt98n8jh/;
STUBS SHARE, VIOLET;75;55;http://postimg.org/image/koup4k54t/;
TANGO, INDIA RED;57.90;;http://postimg.org/image/qeaxovbb1/;
THE BOSS G3, VIOLET;60;;http://postimg.org/image/yxubmmjnh/;
THE BOSS, BLACK;60;;http://postimg.org/image/orlq3mz99/;
THE BOSS, VIOLET;60;;http://postimg.org/image/5jyl71gxp/;
TIGER, INDIA RED;85;;http://postimg.org/image/8fbodwkxp/;
ANAL ROTATOR - SMOKE;44.90;;http://postimg.org/image/rmgfrl74r/;
BENDIE POWER STUD, BLACK;49.90;;http://postimg.org/image/4q8799463/;
BUNNY ON A BUDGET VIBRATOR - PURPLE;36.90;;http://postimg.org/image/ekzcfh84b/;
BUTTERFLY PEARL VIBRATOR;59.90;;http://postimg.org/image/isu4o89jv/;
CUTE BABY VIBRAATOR      CUTE BABY VIBRAATOR;37.90;;http://postimg.org/image/9idf6y9gb/;
DOUBLE RABBIT VIBE, PINK;54;;http://postimg.org/image/d77pk68uz/;
ECLIPSE ULTRA 7 RABBITRONIC PINK;58.90;;http://postimg.org/image/nawfgbpln/;
ECLIPSE-7 BEAVER;57.90;;http://postimg.org/image/poed7c40r/;
ENTINCE ISABELLA RASPBERRY;75.90;;http://postimg.org/image/fxh1hd5jv/;
EVOLVED HONEY BUNNY, PINK;36.90;;http://postimg.org/image/9spj41dgb/;
EVOLVED HONEY BUNNY, PURPLE;36.90;;http://postimg.org/image/7a3u3crq3/;
FUNKY RABBIT VIBRATOR;49.90;;http://postimg.org/image/j31n7ko63/;
GENE RABBIT SILICONE VIBRATOR;59.90;;http://postimg.org/image/61kjvgp5n/;
GENTLE RABBIT;20;;http://postimg.org/image/q00exu9uj/;
GOLD LOVER VIBRAATOR;36.90;;http://postimg.org/image/nsw69x4kb/;
HAPPY ANGEL VIBRAATOR;39.90;;http://postimg.org/image/j89zuzkuz/;
HOT LADY VIBRAATOR;36;18;http://postimg.org/image/423y41uu3/;
OVO K1 RABBIT - VIOLET;47.90;;http://postimg.org/image/miycuvasb/;
ICEBREAKER VIBRATOR;42.90;;http://postimg.org/image/vs0j4zjob/;
JACK THE RABBIT PEARL VIBRATOR, BLUE;54.90;;http://postimg.org/image/pscs1byvv/;
JACK THE RABBIT PEARL VIBRATOR, PURPLE;55;;http://postimg.org/image/u2rfwx3yz/;
JE JOUE FIFI;118.90;;http://postimg.org/image/e5so07bkr/;
JOYFINGER & BUNNY SLEEVE, SWEET PINK;10;;http://postimg.org/image/goiyemmor/;
LA REVE SILICONE RABBIT;65.90;;http://postimg.org/image/9b3kfo2mz/;
LAYLA ORCHIDEE;99.00;;http://postimg.org/image/6fqh8symz/;
MADAME BUTTERFLY, PINK;59.90;;http://postimg.org/image/ksjx74imz/;
MINI MARVELOUS RABBIT VIBE, PINK;41.90;;http://postimg.org/image/vbjwwalaz/;
MINI MARVELOUS RABBIT VIBE, PURPLE;41.90;;http://postimg.org/image/nk36xqh5n/;
MINI RABBIT ROTATING;49.90;;http://postimg.org/image/h7o1nwe3f/;
NEW-2-WAY RABBIT VIBE;35;17;http://postimg.org/image/qi05rfot7/;
OVO K1 RABBIT - PINK;47.90;;http://postimg.org/image/sqixmilaz/;
OVO K1 RABBIT - WHITE;47.90;;http://postimg.org/image/favwx2ct7/;
OVO K2 RABBIT - WHITE/LILAC ;47.90;;http://postimg.org/image/vvyxyzejf/;
OVO K2 RABBIT - WHITE/PINK ;47.90;;http://postimg.org/image/8gh0tmusb/;
OVO K2 RABBIT BLACKBERRY;47.90;;http://postimg.org/image/88xzav97f/;
OVO K3 Rabbit Withe        OVO K3 RABBIT WITHE;47.90;;http://postimg.org/image/hurjr60d7/;
OVO K4 RABBIT - LIGHTVIOLET ;47.90;;http://postimg.org/image/frh4ji0kb/;
OVO K4 RABBIT - WHITE;47.90;;http://postimg.org/image/x7bal6ziz/;
OVO K5 RABBIT - WHITE;47.90;;http://postimg.org/image/e3hz4umor/;
PERSIAN ELITE VIBRAATOR + ORGASM BALLS + JUST GLIDE 6ML;36.90;;http://postimg.org/image/9ivspx2zf/;
PERSIAN ELITE VIBRAATOR ;36.90;18;http://postimg.org/image/b6uy4kguz/;
PLOWBOY ROTATING VIBRATOR;46.90;;http://postimg.org/image/l99q7avrv/;
POSH BOUNDING BUNNY, PINK;52.90;;http://postimg.org/image/7v18p0ehn/;
POWER SLIDE VIBE;49.90;29.90;http://postimg.org/image/uighv5u1n/;
PRECIOUS GOLD THE ULTIMATE RABBIT;69.90;;http://postimg.org/image/oy40kiv6j/;
PRETTY PAPILLON REMOTE CONTROLLE;80;;http://postimg.org/image/re5tydd97/;
RABBIT SENSATION PURPLE EDITION;99.90;;http://postimg.org/image/kdhu5lbh7/;
RABBIT SENSATION WHITE EDITION;59.90;;http://postimg.org/image/au85c4nyz/;
RABBIT VIBE PLUS;44.90;;http://postimg.org/image/e2cmp6a8r/;
SEVEN SEAS VIBE - BLUE;55.90;39.90;http://postimg.org/image/hn8i8eesb/;
SMALL RABBIT - PINK;19.90;;http://postimg.org/image/7eg12kqqj/;
SPARKLING CLEAR RABBIT VIBRATOR;39.90;;http://postimg.org/image/fzdy7hqaj/;
TWINTURBO DOLPHIN, BLUE;55;;http://postimg.org/image/cedhaiwd7/;
TWINTURBO RABBIT VIBRATOR - PINK;59.90;;http://postimg.org/image/ja2b7dg7v/;
ULTRA 7 PLEASURE RABBIT;65.90;;http://postimg.org/image/uwmf8i3iz/;
UP&DOWN VIBRATOR, PURPLE;89.90;;http://postimg.org/image/4pl8cjl97/;
Veiny;46.90;;http://postimg.org/image/wfhtdha3f/;
VIBE THERAPY SERENITY VIBR BLUE;59.90;;http://postimg.org/image/tmoltg9qz/;
"VIBRATOR ""THE HAMMER""";99.00;;http://postimg.org/image/5k7rykt3v/;
VIBRATOR CRAZY RABBIT;49.90;;http://postimg.org/image/4vyxfmue3/;
WET N WILD RABBIT VIBE;23.90;;http://postimg.org/image/5mrnlewrf/;
MAHANA DUO VIBE BLACK;60;;http://postimg.org/image/iqf5zl5nx/;
MAHANA DUO VIBE PINK;60;;http://postimg.org/image/o340dptkd/;
WE VIBE II, PURPLE;90.90;;http://postimg.org/image/60fj08n3h/;
WE VIBE II, PURPLE;139.90;;http://postimg.org/image/wo1ximt4d/;
WE VIBE II, RUBY;99.90;;http://postimg.org/image/c6gz6zh0t/;
WE VIBE II,TEAL;99.90;;http://postimg.org/image/ewqb46dpp/;
WE VIBE III, PURPLE;139;;http://postimg.org/image/pyve2m7sd/;
WE VIBE III, RUBY;139;;http://postimg.org/image/r3pg7zu99/;
WE VIBE III, teal;139;;http://postimg.org/image/4t1l80wz1/;
WE WIBE LOVE FACINATION;99;66;http://postimg.org/image/qgqjigxd9/;
WE WIBE THRILL;159;;http://postimg.org/image/bnbvxppm5/;
WE-VIBE 4 - PURPLE;139;;http://postimg.org/image/eg53hqpyl/;