Name;Price;Sale Price;Description;Categortu;image
4 PCS. DUOTONE BALLS - GOLD;15.90.jpg;;;Sex Balls;http://s9.postimg.org/mt99rybdb/4_PCS_DUOTONE_BALLS_GOLD_15_90.jpg
BEN - WA BALLS - GOLDEN 1;6.90.jpg;;;Sex Balls;http://s9.postimg.org/5z42md7gv/BEN_WA_BALLS_GOLDEN_16_90.jpg
BEN WA GOLD BALLS;14.90.jpg;;;Sex Balls;http://s9.postimg.org/5h8x6ihvz/BEN_WA_BALLS_16_90.jpg
BEN-WA BALLS;16.90.jpg;;;Sex Balls;http://s9.postimg.org/5wk6zj3tb/BEN_WA_GOLD_BALLS_14_90.jpg
BUZZ VIBRATING LOVE BALLS - BLACK;35.90.jpg;;;Sex Balls;http://s9.postimg.org/5va9641zj/BUZZ_VIBRATING_LOVE_BALLS_BLACK_35_90.jpg
BUZZ VIBRATING LOVE BALLS - PINK;35.90.jpg;;;Sex Balls;http://s9.postimg.org/ljbgcwhlb/BUZZ_VIBRATING_LOVE_BALLS_PINK_35_90.jpg
CATS EYES STEEL LOVE BALLS GOLD;15.90.jpg;;;Sex Balls;http://s9.postimg.org/scbt968en/CATS_EYES_STEEL_LOVE_BALLS_GOLD_15_90.jpg
FUNKY LOVE BALLS - PINK;8.90.jpg;;;Sex Balls;http://s9.postimg.org/hqwjawrgv/FUNKY_LOVE_BALLS_PINK_8_90.jpg
FUNKY LOVE BALLS - PURPLE;8.90.jpg;;;Sex Balls;http://s9.postimg.org/4f3c1pogf/FUNKY_LOVE_BALLS_PURPLE_8_90.jpg
GRADUATED ORGASM BALLS;8.90.jpg;;;Sex Balls;http://s9.postimg.org/rcq3r7imn/GRADUATED_ORGASM_BALLS_18_90.jpg
HEAVY METAL DUO BALLS;18.90.jpg;;;Sex Balls;http://s9.postimg.org/3zs28p2j3/HEAVY_METAL_DUO_BALLS_18_90.jpg
JE JOUE AMI;48.90.jpg;;;Sex Balls;http://s9.postimg.org/4qkseh4wf/JE_JOUE_AMI_48_90.jpg
KEGEL TRAINING BALLS;45.90.jpg;;;Sex Balls;http://s9.postimg.org/y9ka3qexb/KEGEL_TRAINING_BALLS_45_90.jpg
LELO LUNA BEADS NOIR;34.90.jpg;;;Sex Balls;http://s9.postimg.org/tme81yrkf/LELO_LUNA_BEADS_NOIR_34_90.jpg
LOVELY VIBES LOVE BALLS - PINK;32.90.jpg;;;Sex Balls;http://s9.postimg.org/8ulr6z0un/LOVELY_VIBES_LOVE_BALLS_PINK_32_90.jpg
NATURE SKIN LOVE BALLS;18.90.jpg;;;Sex Balls;http://s9.postimg.org/t0p95uwi7/NATURE_SKIN_LOVE_BALLS_PINK_18_90.jpg
NATURE SKIN LOVE BALLS, PINK;18.90.jpg;;;Sex Balls;http://s9.postimg.org/3ted5lte7/NATURE_SKIN_LOVE_BALLS_18_90.jpg
O-BALLS SINGLE;12.90.jpg;;;Sex Balls;http://s9.postimg.org/pwj6mt53j/O_BALLS_SINGLE_12_90.jpg
OVO L1 LOVEBALLS;19.90.jpg;;;Sex Balls;http://s9.postimg.org/tu6gc7rwv/OVO_L1_LOVEBALLS_19_90.jpg
PERFECT BALLS - LAVENDER;11.00.jpg;;;Sex Balls;http://s9.postimg.org/w00r6pvdb/PERFECT_BALLS_LAVENDER_11_00.jpg
PERFECT BALLS - PINK;11.jpg;;;Sex Balls;http://s9.postimg.org/7ksj5nwgf/PERFECT_BALLS_PINK_11.jpg
PLEASURE PEARLS;16.90.jpg;;;Sex Balls;http://s9.postimg.org/da8rpz2mn/PLEASURE_PEARLS_16_90.jpg
SEASHELL BEN WA BALLS;19.90.jpg;;;Sex Balls;http://s9.postimg.org/cyrbd7m6n/SEASHELL_BEN_WA_BALLS_19_90.jpg
SILICONE HEART KEGEL TREATMENT BALLS - FUN BALL;14.90.png;;;Sex Balls;http://s9.postimg.org/orp4hfimn/SILICONE_HEART_KEGEL_TREATMENT_BALLS_FUN_BALL.png
SMARTBALLS DUO -RED & WHITE;24.90.jpeg;;;Sex Balls;http://s9.postimg.org/6mc63dj4f/SMARTBALLS_DUO_RED_WHITE_24_90.jpg
SMARTBALLS UNO - PURPLE & WHITE;19.90.jpg;;;Sex Balls;http://s9.postimg.org/urcvl33f3/SMARTBALLS_UNO_PURPLE_WHITE_19_90.jpg
SMARTBALLS UNO - RED & BLACK;19.90.jpeg;;;Sex Balls;http://s9.postimg.org/tev6j75zj/SMARTBALLS_UNO_RED_BLACK_19_90.jpg
SMARTBALLS UNO - RED & WHITE;19.90.jpeg;;;Sex Balls;http://s9.postimg.org/5pac88wzz/SMARTBALLS_UNO_RED_WHITE_19_90.jpg
SPHERE I STIMULATING LOVEBALL - PURPLE;19.90.jpg;;;Sex Balls;http://s9.postimg.org/w05ckgkr3/SPHERE_II_STIMULATING_LOVEBALLS_PINK_27_90.jpg
SPHERE II STIMULATING LOVEBALLS - PINK ;27.90.jp;;;Sex Balls;http://s9.postimg.org/brhyyqlfz/SPHERE_I_STIMULATING_LOVEBALL_PURPLE_19_90.jpg
STRAWBERRY LOVE BALLS;15.90.jpg;;;Sex Balls;http://s9.postimg.org/shtco2jv3/STRAWBERRY_LOVE_BALLS_15_90.jpg
VELVET BALLS, PINK;18.90.jpg;;;Sex Balls;http://s9.postimg.org/ozhcroiz3/VELVET_BALLS_PINK_18_90.jpg
VELVET BALLS, RED;13.90.jpg;;;Sex Balls;http://s9.postimg.org/x7jacoavj/VELVET_BALLS_RED_13_90.jpg
VENUS BALLS V2;25.90.jpg;;;Sex Balls;http://s9.postimg.org/kev6cqz9r/VENUS_BALLS_V2_25_90.jpg
VIBE THERAPY FASCINATE, BLACK ;24.90.jpg;;;Sex Balls;http://s9.postimg.org/990vbsp3j/VIBE_THERAPY_FASCINATE_BLACK_24_90.jpg
VIBE THERAPY FASCINATE, BLACK/SILVER;24.90.jpg;;;Sex Balls;http://s9.postimg.org/4vxqfmqz3/VIBE_THERAPY_FASCINATE_BLACK_SILVER_24_90.jpg
VIBE THERAPY FASCINATE, PINK;24.90.jpg;;;Sex Balls;http://s9.postimg.org/5mqgletcf/VIBE_THERAPY_FASCINATE_PINK_24_90.jpg
VIBRATONE DUO BALLS GOLD BLISTERCARD;19.90.jpg;;;Sex Balls;http://s9.postimg.org/k77jg8ob3/VIBRATONE_DUO_BALLS_GOLD_BLISTERCARD_19_90.jpg
BREAST ENLARGER;25.40.jpg;;;Lady Pumps;http://s17.postimg.org/bypko77en/BREAST_ENLARGER_25_40.jpg
BREAST SIZER SINGEL CUP;34.50.jpg;;;Lady Pumps;http://s17.postimg.org/mmtbn1hdr/BREAST_SIZER_SINGEL_CUP_34_50.jpg
BREAST SIZER TWIN CUP;53.40.jpg;;;Lady Pumps;http://s17.postimg.org/86anm7ha7/BREAST_SIZER_TWIN_CUP_53_40.jpg
CRYSTAL CLEAR MULTISUCKER;21.90.jpg;;;Lady Pumps;http://s17.postimg.org/xax2lvrcv/CRYSTAL_CLEAR_MULTISUCKER_21_90.jpg
FF AUTO-VAC BREAST ENLARGER;99.jpg;;;Lady Pumps;http://s17.postimg.org/5dhg26gxr/FF_AUTO_VAC_BREAST_ENLARGER_99.jpg
FF VIBRATING NIPPLE PUMP; 56.90.jpg;;;Lady Pumps;http://s17.postimg.org/s3gkv605b/FF_VIBRATING_NIPPLE_PUMP_56_90.jpg
HI-BEAM VIBRATING NIPPLE PUMPS LAVENDER;29.90.jpg;;;Lady Pumps;http://s17.postimg.org/cw0lat8an/HI_BEAM_VIBRATING_NIPPLE_PUMPS_LAVENDER_29_90.jpg
KISS NIPPLE STICKER;9.jpg;;;Lady Pumps;http://s17.postimg.org/l42ivt073/KISS_NIPPLE_STICKER_9.jpg
MINI NIPPLE PUMP;18.90.jpg;;;Lady Pumps;http://s17.postimg.org/z98bxm98f/MINI_NIPPLE_PUMP_18_90.jpg
NIKKI`S VIBRATING DUAL PLEASURE PUMP;21.90.jpg;;;Lady Pumps;http://s17.postimg.org/5xwh4va67/NIKKI_S_VIBRATING_DUAL_PLEASURE_PUMP_21_90.jpg
NIPPLE ERECTOR SET, NATURAL;25.90.jpg;;;Lady Pumps;http://s17.postimg.org/fjq1l61bz/NIPPLE_ERECTOR_SET_NATURAL_25_90.jpg
"SUCTION CUPS ""VIBRATING BOOBS""";29.90.jpg;;;Lady Pumps;http://s17.postimg.org/l5cgp820v/SUCTION_CUPS_VIBRATING_BOOBS_29_90.jpg
TRIPLE SUCKERS;69.90.jpg;;;Lady Pumps;http://s17.postimg.org/vw03awfnj/TRIPLE_SUCKERS_69_90.jpg
ULTRAVIOLET NIPPLE SUCKER;36.90.jpg;;;Lady Pumps;http://s17.postimg.org/z5j3v3t4v/ULTRAVIOLET_NIPPLE_SUCKER_36_90.jpg
VIBRATING DREAMS;36.90.jpg;;;Lady Pumps;http://s17.postimg.org/ewvq9dttr/VIBRATING_DREAMS_36_90.jpg
VIBRATING NIPPLE PUMP PINK;36.90.jpg;;;Lady Pumps;http://s17.postimg.org/jy34ar1a7/VIBRATING_NIPPLE_PUMP_PINK_36_90.jpg
BODY & SOUL ADORE PINK;25.90.jpg;;;Clit Stimulators;http://s17.postimg.org/4fxp7gi7z/BODY_SOUL_ADORE_PINK_25_90.jpg
BUBBLY POWERTICKLER;45.jpg;;;Clit Stimulators;http://s17.postimg.org/3nv189e0v/BUBBLY_POWERTICKLER_45.jpg
BULLET WATERPROOF PURPLE;22.90.jpg;;;Clit Stimulators;http://s17.postimg.org/a2u24xkqn/BULLET_WATERPROOF_PURPLE_22_90.jpg
BUNNY TICKLER - MAGENTA;24.90.jpg;;;Clit Stimulators;http://s17.postimg.org/chlxpd0zj/BUNNY_TICKLER_MAGENTA_24_90.jpg
BUZZ BUZZ BUNNY MASSAGER;29.90.jpg;;;Clit Stimulators;http://s17.postimg.org/q4wlbbkfz/BUZZ_BUZZ_BUNNY_MASSAGER_29_90.jpg
CRYSTAL FLEX MASSAGER PINK;25.90.jpg;;;Clit Stimulators;http://s17.postimg.org/5w97pll4v/CRYSTAL_FLEX_MASSAGER_PINK_25_90.jpg
CURVE APPEAL PINK;25.jpg;;;Clit Stimulators;http://s17.postimg.org/48a2ay79b/CURVE_APPEAL_PINK_25.jpg
CURVY ROCKETTICKLER;39.90.jpg;;;Clit Stimulators;http://s17.postimg.org/6obvospbz/CURVY_ROCKETTICKLER_39_90.jpg
DIVINE SCINTILLATION PINK;44.90.jpg;;;Clit Stimulators;http://s17.postimg.org/h3mnbgbwf/DIVINE_SCINTILLATION_PINK_44_90.jpg
FINGER-VIBRATOR;17.90.jpg;;;Clit Stimulators;http://s17.postimg.org/4z7dugz0f/FINGER_VIBRATOR_17_90.jpg
GENTLE RABBIT;19.95.jpg;;;Clit Stimulators;http://s17.postimg.org/z55s995xb/GENTLE_RABBIT_19_95.jpg
HANKY SPANK ME VIBRATING PANTIES BLACK;29.90.jpg;;;Clit Stimulators;http://s17.postimg.org/4q9t4jm7z/HANKY_SPANK_ME_VIBRATING_PANTIES_BLACK_29_90.jpg
JE JOUE MIMI;78.90.jpg;;;Clit Stimulators;http://s17.postimg.org/oyx6q9lj3/JE_JOUE_MIMI_78_90.jpg
KITTY PLAY VIOLET VIBRO-BULLET;21.90.jpg;;;Clit Stimulators;http://s17.postimg.org/7a5fyn9rz/KITTY_PLAY_VIOLET_VIBRO_BULLET_21_90.jpg
LEATHERLOOK PANTY QUAKERS WITH VIBRATOR;29.90.jpg;;;Clit Stimulators;http://s17.postimg.org/oopo6x6wv/LEATHERLOOK_PANTY_QUAKERS_WITH_VIBRATOR_29_90.jpg
LOVELY VIBES STIMULATOR - PINK;49.90.jpg;;;Clit Stimulators;http://s17.postimg.org/newg5m2in/LOVELY_VIBES_STIMULATOR_PINK_49_90.jpg
LOVERS THONG WITH STROKER BEADS;12.00.jpg;;;Clit Stimulators;http://s17.postimg.org/7cpblhdfj/LOVER_S_THONG_WITH_STROKER_BEADS_12_00.jpg
MADAME BUTTERFLY 2;39.90.jpg;;;Clit Stimulators;http://s17.postimg.org/8t0u3mgcf/MADAME_BUTTERFLY_2_39_90.jpg
NAMASTE CLARITY;29.90.jpg;;;Clit Stimulators;http://s17.postimg.org/xasxriiwv/NAMASTE_CLARITY29_90.jpg
ORIGINAL SQWEEL;79.jpg;;;Clit Stimulators;http://s17.postimg.org/pxi56ao8v/ORIGINAL_SQWEEL_79.jpg
OVO T2 STIMULAATOR;29.95.jpg;;;Clit Stimulators;http://s17.postimg.org/6totpyben/OVO_T2_STIMULAATOR_29_95.jpg
PICOBONG IPO FINGER VIBE;39.90.jpg;;;Clit Stimulators;http://s17.postimg.org/mgg33bp6n/PICOBONG_IPO_FINGER_VIBE_39_90.jpg
PREMIUM RANGE LONG BULLET GOLD;29.90.jpg;;;Clit Stimulators;http://s17.postimg.org/jowtcpqnz/PREMIUM_RANGE_LONG_BULLET_GOLD_29_90.jpg
PREMIUM RANGE SMALL BULLET SILVER 29.90.jpg;29.90.jpg;;;Clit Stimulators;http://s17.postimg.org/3pe5t5um7/PREMIUM_RANGE_SMALL_BULLET_SILVER_29_90.jpg
PURE VIBES DOLPHIN;29.90.jpg;;;Clit Stimulators;http://s17.postimg.org/m7iidece7/PURE_VIBES_DOLPHIN_29_90.jpg
REMOTE CONTROL HONEYDEW BUTTERFLY;44.90.JPG;;;Clit Stimulators;http://s17.postimg.org/ki9f5bwov/REMOTE_CONTROL_HONEYDEW_BUTTERFLY_44_90.jpg
SETI POWERTICKLER;45.jpg;;;Clit Stimulators;http://s17.postimg.org/myb8j6erj/SETI_POWERTICKLER_45.jpg
SHOCK THERAPY BUTTERFLY STIM;48.90.jpg;;;Clit Stimulators;http://s17.postimg.org/ofwouqji7/SHOCK_THERAPY_BUTTERFLY_STIM_48_90.jpg
SMILE STRAP ON VIBE CRAZY;42.90.jpg;;;Clit Stimulators;http://s17.postimg.org/it4xb06db/SMILE_STRAP_ON_VIBE_CRAZY_42_90.jpg
SOFT TOUCH BODY WAND MASSAGER;69.90.jpg;;;Clit Stimulators;http://s17.postimg.org/srpvxhfsv/SOFT_TOUCH_BODY_WAND_MASSAGER_69_90.jpg
STARLET ROCKETTICKLER;39.90.jpg;;;Clit Stimulators;http://s17.postimg.org/9b56aykov/STARLET_ROCKETTICKLER_39_90.jpg
STRAP-ON BIZZY BURDY;19.90.jpg;;;Clit Stimulators;http://s17.postimg.org/w2e8xd5q7/STRAP_ON_BIZZY_BURDY_19_90.jpg
TEASER VIBE GREEN;25.90.jpg;;;Clit Stimulators;http://s17.postimg.org/8mwbs0lz3/TEASER_VIBE_GREEN_25_90.jpg
TOYJOY - BUTTERFLY BABY;32.90.jpg;;;Clit Stimulators;http://s17.postimg.org/5jvlon70f/TOYJOY_BUTTERFLY_BABY_32_90.jpg
VIBE THERAPY VIBE DISCREET METAL;39.90.jpg;;;Clit Stimulators;http://s17.postimg.org/hkh1pdef3/VIBE_THERAPY_VIBE_DISCREET_METAL_39_90.jpg
VIBE THERAPY VIBE DISCREET PINK;39.90.jpg;;;Clit Stimulators;http://s17.postimg.org/g99agwitb/VIBE_THERAPY_VIBE_DISCREET_PINK_39_90.jpg
VIBRATING G-SPOT STIMULATOR;39.90.jpg;;;Clit Stimulators;http://s17.postimg.org/wizgjsthb/VIBRATING_G_SPOT_STIMULATOR_39_90.jpg
VIBRATING LOVERS THONG WITH STROKER BEADS;29.90.jpg;;;Clit Stimulators;http://s17.postimg.org/l96qouofz/VIBRATING_LOVER_S_THONG_WITH_STROKER_BEADS_29_90.jpg
WAND BODY MASSAGE L'ORIGINAL;69.90.jpg;;;Clit Stimulators;http://s17.postimg.org/4pdngcojj/WAND_BODY_MASSAGE_L_ORIGINAL_69_90.jpg
WAVY ROCKETTICKLER;39.90.jpg;;;Clit Stimulators;http://s17.postimg.org/wmxvdsocf/WAVY_ROCKETTICKLER_39_90.jpg
WE VIBE TOUCH GREEN;89.90.jpg;;;Clit Stimulators;http://s17.postimg.org/ctlrl3ayn/WE_VIBE_TOUCH_GREEN_89_90.jpg
       FLESHXL 9INCH 23CM;29.90.jpg;;;Dildos;http://s1.postimg.org/kvkjnph73/FLESHXL_9_INCH_23_CM_29_90.jpg
ADAMS PLEASURE SKIN DILDO;39.90.jpg;;;Dildos;http://s1.postimg.org/7sox4fqz3/ADAMS_PLEASURE_SKIN_DILDO_39_90.jpg
ALL BLACK 15 CM;24.90.jpg;;;Dildos;http://s1.postimg.org/debc8hrnz/ALL_BLACK_15_CM_24_90.jpg
ALL BLACK 17 CM;29.90.jpg;;;Dildos;http://s1.postimg.org/lvaujewcv/ALL_BLACK_17_CM_29_90.jpg
ALL BLACK 21 CM HAND;24.90.jpg;;;Dildos;http://s1.postimg.org/pccwmdvf3/ALL_BLACK_21_CM_HAND_24_90.jpg
ALL BLACK 22 CM;29.90.jpg;;;Dildos;http://s1.postimg.org/r5ftapglr/ALL_BLACK_22_CM_29_90.jpg
ALL BLACK 32 CM;39.90.jpg;;;Dildos;http://s1.postimg.org/ydwhx3znz/ALL_BLACK_32_CM_39_90.jpg
"BASIX RUBBER WORKS - 16"" DOUBLE DONG BLACK";39.0.jpg;;;Dildos;http://s1.postimg.org/k8qovaqmn/BASIX_RUBBER_WORKS_16_DOUBLE_DONG_BLACK_39_0.jpg
"BASIX RUBBER WORKS - 16"" DOUBLE DONG PINK";39.90.jpg;;;Dildos;http://s1.postimg.org/4ojb4rgi7/BASIX_RUBBER_WORKS_16_DOUBLE_DONG_PINK_39_90.jpg
BASIX RUBBER WORKS - FAT BOY BLACK;49.90.jpg;;;Dildos;http://s1.postimg.org/dshq57i33/BASIX_RUBBER_WORKS_FAT_BOY_BLACK_49_90.jpg
BIG BONANZA 13 BLACK BUTT PLUG;29.90.jpg;;;Dildos;http://s1.postimg.org/ezvnxf87j/BIG_BONANZA_13_BLACK_BUTT_PLUG_29_90.jpg
BLACK DOUBLE DONG DILDO;39.90.jpg;;;Dildos;http://s1.postimg.org/6y7ffipfz/BLACK_WHITE_REALISTIC_DONG_35_90.jpg
BLACK KNUTH DILDO;89.90.jpg;;;Dildos;http://s1.postimg.org/b4s9uup1r/BLACK_DOUBLE_DONG_DILDO_39_90.jpg
BLACK&WHITE REALISTIC DONG;35.90.jpg;;;Dildos;http://s1.postimg.org/rttpqrln3/BLACK_KNUTH_DILDO_89_90.jpg
BLAS DILDO BLACK;99.99.jpg;;;Dildos;http://s1.postimg.org/oqszne6of/BLAS_DILDO_BLACK_99_99.jpg
"CALLY 8"" DILDO";21.90.jpg;;;Dildos;http://s1.postimg.org/gwse1zyvj/CALLY_8_DILDO_21_90.jpg
CHRISTIAN DILDO BLACK;99.90.jpg;;;Dildos;http://s1.postimg.org/iwdl75ikv/CHRISTIAN_DILDO_BLACK_99_90.jpg
COLT GAGE WESTON COCK;69.90.jpg;;;Dildos;http://s1.postimg.org/j5b5x2vdb/COLT_GAGE_WESTON_COCK_69_90.jpg
CRYSTAL DUO;28.90.jpg;;;Dildos;http://s1.postimg.org/exgdobtxr/CRYSTAL_DUO_28_90.jpg
CURVED PASSION NATURA;25.90.jpg;;;Dildos;http://s1.postimg.org/6t89jl7in/CURVED_PASSION_NATURA_25_90.jpg
CYBERSKIN CYBER COCK DILDO;65.90.jpg;;;Dildos;http://s1.postimg.org/r5pglkcb3/CYBERSKIN_CYBER_COCK_DILDO_65_90.jpg
DICK RAMBONE COCK, BLACK;66.90.jpg;;;Dildos;http://s1.postimg.org/bufnkyez3/DICK_RAMBONE_COCK_BLACK_66_90.jpg
DICK RAMBONE DONG, FLESH;69.90.jpg;;;Dildos;http://s1.postimg.org/jog96cmrz/DICK_RAMBONE_DONG_FLESH_69_90.jpg
"DILDO ""SWEET TEMPTATIONS""";16.90.jpg;;;Dildos;http://s1.postimg.org/ibyk4gpcf/DILDO_SWEET_TEMPTATIONS_16_90.jpg
DOMINIK DILDO - BLACK;79.90.jpg;;;Dildos;http://s1.postimg.org/rl0qeky8f/DOMINIK_DILDO_BLACK_79_90.jpg
DOUBLE DONG DILDO;24.90.jpg;;;Dildos;http://s1.postimg.org/te3n2wjf3/DOUBLE_DONG_DILDO_24_90.jpg
DOUBLE DONG DILDO 38CM;19.jpg;;;Dildos;http://s1.postimg.org/gbclxdikv/DOUBLE_DONG_DILDO_38_CM_19.jpg
DOUBLE DONG WITH BALLS;37.50.jpg;;;Dildos;http://s1.postimg.org/kyinz55xr/DOUBLE_DONG_WITH_BALLS_37_50.jpg
DOUBLE MINIDONG, PURPLE;16.90.jpg;;;Dildos;http://s1.postimg.org/ytgyhm0cv/DOUBLE_MINIDONG_PURPLE_16_90.jpg
DRILL SERGEANT DILDO - MUST;59.90.jpg;;;Dildos;http://s1.postimg.org/433j0507j/DRILL_SERGEANT_DILDO_MUST_59_90.jpg
DUAL VIBRATING FLEXI-DONG;67.jpg;;;Dildos;http://s1.postimg.org/d8bvu03m7/DUAL_VIBRATING_FLEXI_DONG_67.jpg
FANTASY DILDO 18CM;18.jpg;;;Dildos;http://s1.postimg.org/fthghiszz/FANTASY_DILDO_18_CM_16_90.jpg
FANTASY DILDO 18CM;18.jpg;;;Dildos;http://s1.postimg.org/i89c1y98v/FANTASY_DILDO_18_CM_19.jpg
FANTASY DILDO 19CM;19.jpg;;;Dildos;http://s1.postimg.org/d4mnrhnin/FANTASY_DILDO_19_CM_19.jpg
FANTASY DILDO 21CM;25.50;;;Dildos;http://s1.postimg.org/3sw0gsllb/FANTASY_DILDO_21_CM_19.jpg
FANTASY DILDO 28CM;39.90.jpg;;;Dildos;http://s1.postimg.org/iu2wbstov/FANTASY_DILDO_28_CM_39_90.jpg
FANTASY DILDO LONG 22CM;24.90.jpg;;;Dildos;http://s1.postimg.org/5yqbbap1r/FANTASY_DILDO_LONG_22_CM_24_90.jpg
FANTASY LONG DILDO 21 CM;22.90.jpg;;;Dildos;http://s1.postimg.org/5hi4s5idr/FANTASY_LONG_DILDO_21_CM_22_90.jpg
FANTASY LONG DILDO 24 CM;25.90.jpg;;;Dildos;http://s1.postimg.org/ut9t5d9vz/FANTASY_LONG_DILDO_24_CM_25_90.jpg
FANTASY VIBRATOR 20,5CM;19.90.jpg;;;Dildos;http://s1.postimg.org/rsxk2knyn/FANTASY_VIBRATOR_20_5_CM_19_90.jpg
"FETISH FANTASY ELITE 6"", PINK DILDO";49.90.jpg;;;Dildos;http://s1.postimg.org/bgnicu9n3/FETISH_FANTASY_ELITE_6_PINK_DILDO_49_90.jpg
"FETISH FANTASY ELITE 8"" DILDO, BLACK";79.90.jpg;;;Dildos;http://s1.postimg.org/c4wcvs8cv/FETISH_FANTASY_ELITE_8_DILDO_BLACK_79_90.jpg
"FETISH FANTASY ELITE 10"" DILDO, BLACK";89.90.jpg;;;Dildos;http://s1.postimg.org/edajd4fgv/FETISH_FANTASY_ELITE_10_DILDO_BLACK_89_90.jpg
FIST OF VICTORY BLACK;59.90.jpg;;;Dildos;http://s1.postimg.org/bkhbt3f4f/FIST_OF_VICTORY_BLACK_59_90.jpg
FLESHXL 23CM;37.90.jpg;;;Dildos;http://s1.postimg.org/jehxehmxb/FLESHXL_23_CM_37_90.jpg
FLESHXL 28CM;42.90.jpg;;;Dildos;http://s1.postimg.org/gyg40n4un/FLESHXL_28_CM_42_90.jpg
FUN FACTORY NEW WAVE DILDO;79.90.jpg;;;Dildos;http://s1.postimg.org/72f10zz2n/FUN_FACTORY_NEW_WAVE_DILDO_79_90.jpg
G-GIRL STYLE 8INCH DONG WITH SUCTION CAP;29.90.jpg;;;Dildos;http://s1.postimg.org/pknyyz68f/G_GIRL_STYLE_8_INCH_DONG_WITH_SUCTION_CAP_29_90.jpg
GENERAL LEE DILDO - BLACK;79.90.jpg;;;Dildos;http://s1.postimg.org/dhinbev67/GENERAL_LEE_DILDO_BLACK_79_90.jpg
GIANT FAMILY - HORNY HAND FIST;59.90.jpg;;;Dildos;http://s1.postimg.org/jxrm1i3pr/GIANT_FAMILY_HORNY_HAND_FIST_59_90.jpg
GIANT FAMILY - LITTLE DICK 11;59.90.jpg;;;Dildos;http://s1.postimg.org/422ry7d5b/GIANT_FAMILY_LITTLE_DICK_11_59_90.jpg
GREAT AMERICAN CHALLENGE, PURPLE; 69.90.jpg;;;Dildos;http://s1.postimg.org/gs70bal3j/GREAT_AMERICAN_CHALLENGE_PURPLE_69_90.jpg
"HEROES SILICONE DILDO 5"" - BROWN"; 59.90.jpg;;;Dildos;http://s1.postimg.org/g583lro7j/HEROES_SILICONE_DILDO_5_BROWN_59_90.jpg
"HEROES SILICONE DILDO 5"" - FLESH"; 59.90.jpg;;;Dildos;http://s1.postimg.org/4he1r7z2n/HEROES_SILICONE_DILDO_5_FLESH_59_90.jpg
"HEROES SILICONE DILDO 6"" - BROWN"; 59.90.jpg;;;Dildos;http://s1.postimg.org/yncg605zj/HEROES_SILICONE_DILDO_6_BROWN_59_90.jpg
"HEROES SILICONE DILDO 6"" - FLESH"; 59.90.jpg;;;Dildos;http://s1.postimg.org/4mmeemvrj/HEROES_SILICONE_DILDO_6_FLESH_59_90.jpg
"HEROES SILICONE DILDO 7"" - BROWN"; 59.90.jpg;;;Dildos;http://s1.postimg.org/6ps88k66n/HEROES_SILICONE_DILDO_7_BROWN_59_90.jpg
"HEROES SILICONE DILDO 7"" - FLESH"; 59.90.jpg;;;Dildos;http://s1.postimg.org/td7heplqn/HEROES_SILICONE_DILDO_7_FLESH_59_90.jpg
"JELLY BENDERS THE COCK FIGHTER 8"" 20,3CM PURPLE";20.90.jpg;;;Dildos;http://s1.postimg.org/gprq276tr/JELLY_BENDERS_THE_COCK_FIGHTER_8_20_3_CM_PURPLE.jpg
"JELLY BENDERS THE COCK FIGHTER 8"" 20,3CM RED";20.90.jpg;;;Dildos;http://s1.postimg.org/mf7ymiczz/JELLY_BENDERS_THE_COCK_FIGHTER_8_20_3_CM_RED_20.jpg
JEROEN DILDO BLACK;85.90.jpg;;;Dildos;http://s1.postimg.org/pomdsz13j/JEROEN_DILDO_BLACK_85_90.jpg
KEEP BURNING WORKER DILDO;49.90.jpg;;;Dildos;http://s1.postimg.org/59lb45snj/KEEP_BURNING_WORKER_DILDO_49_90.jpg
LAVA POLE FLESH;19.90.jpg;;;Dildos;http://s1.postimg.org/lymr02p8v/LAVA_POLE_FLESH_19_90.jpg
LEADING MAN, DILDO;25.90.jpg;;;Dildos;http://s1.postimg.org/65hsjm2bz/LEADING_MAN_DILDO_25_90.jpg
LOVE GLIDER FUCKING MACHINE;599.jpg;;;Dildos;http://s1.postimg.org/ppwbme2xb/LOVE_GLIDER_FUCKING_MACHINE_599.jpg
MEDAL OF HONOUR - HUGE DILDO;179.jpg;;;Dildos;http://s1.postimg.org/tc24z19an/MEDAL_OF_HONOUR_HUGE_DILDO_179.jpg
"MIGHTY MUSCLE COCK 9"", WHITE";29.90.jpg;;;Dildos;http://s1.postimg.org/5p16ax3yn/MIGHTY_MUSCLE_COCK_9_WHITE_29_90.jpg
MILAN DILDO BLACK;89.90.jpg;;;Dildos;http://s1.postimg.org/dj1rwbbrj/MILAN_DILDO_BLACK_89_90.jpg
NATURE SKIN BIG DONG;57.90.jpg;;;Dildos;http://s1.postimg.org/ci1j76urz/NATURE_SKIN_BIG_DONG_57_90.jpg
NATURE SKIN REAL DONG;32.90.jpg;;;Dildos;http://s1.postimg.org/l5eql78lr/NATURE_SKIN_REAL_DONG_32_90.jpg
PRINCE CHARMING 20 CM;19.90.jpg;;;Dildos;http://s1.postimg.org/iclj1689b/PRINCE_CHARMING_20_CM_19_90.jpg
REALISTXL;32.30.jpeg;;;Dildos;http://s1.postimg.org/r2im20pqn/REALISTXL_32_30.jpg
REALISTXL DOUBLE DONG;45.90.jpeg;;;Dildos;http://s1.postimg.org/gi8ojfl8v/REALISTXL_DOUBLE_DONG_45_90.jpg
SAMSONS SWINGING DELIGHT;29.90.jpg;;;Dildos;http://s1.postimg.org/kdc2m04en/SAMSONS_SWINGING_DELIGHT_29_90.jpg
STRONG AND BRAVE MAN DILDO;26.90.jpg;;;Dildos;http://s1.postimg.org/yovkqwmkv/STRONG_AND_BRAVE_MAN_DILDO_26_90.jpg
SUPERCOCK, JASON ADONIS;69.90.jpg;;;Dildos;http://s1.postimg.org/qxeuscifj/SUPERCOCK_JASON_ADONIS_69_90.jpg
THE MANHANDLER BLACK;43.50.jpg;;;Dildos;http://s1.postimg.org/4a46zxs9b/THE_MANHANDLER_BLACK_43_50.jpg
ULTRA DONG BLACK;33.90.jpg;;;Dildos;http://s1.postimg.org/pl1r47adr/ULTRA_DONG_BLACK_33_90.jpg
ULTRA DONGS;33.90.jpg;;;Dildos;http://s1.postimg.org/64h1hof9r/ULTRA_DONGS_33_90.jpg
VALERIO DILDO - BLACK;69.90.jpg;;;Dildos;http://s1.postimg.org/7ksjzti6n/VALERIO_DILDO_BLACK_69_90.jpg
XSKIN 7 PVC DONG - FLESH;18.90.jpg;;;Dildos;http://s1.postimg.org/bjprin6tr/XSKIN_7_PVC_DONG_FLESH_18_90.jpg
GLASS WORXX G-SPOT GEMSTONE BLUE;22.90.jpg;;;Glass Dildos;http://s29.postimg.org/j33pmfpvr/GLASS_WORXX_G_SPOT_GEMSTONE_BLUE_22_90.jpg
ICICLES NO 1;29.90.jpg;;;Glass Dildos;http://s29.postimg.org/n74oexltz/ICICLES_NO_1_29_90.jpg
ICICLES NO 2;29.90.jpg;;;Glass Dildos;http://s29.postimg.org/9c6dwgrev/ICICLES_NO_2_29_90.jpg
ICICLES NO 13;32.90.jpg;;;Glass Dildos;http://s29.postimg.org/d0w2vy1fr/ICICLES_NO_13_32_90.jpg
ICICLES NO 18;52.90.jpg;;;Glass Dildos;http://s29.postimg.org/ruaqgp96v/ICICLES_NO_18_52_90.jpg
ICICLES NO 30;45.90.jpg;;;Glass Dildos;http://s29.postimg.org/upntnkd6v/ICICLES_NO_30_45_90.jpg
ICICLES NO 31;35.90.jpg;;;Glass Dildos;http://s29.postimg.org/hpc2r4qmf/ICICLES_NO_31_35_90.jpg
ICICLES NO 44;29.90.jpg;;;Glass Dildos;http://s29.postimg.org/j724gfkqv/ICICLES_NO_44_29_90.jpg
ICICLES NO 46, BLACK;29.90.jpg;;;Glass Dildos;http://s29.postimg.org/wchmmjemf/ICICLES_NO_46_BLACK_29_90.jpg
ICICLES NO. 8;35.90.jpg;;;Glass Dildos;http://s29.postimg.org/t337g2qiv/ICICLES_NO_8_35_90.jpg
ICICLES NO. 10;29.90.jpg;;;Glass Dildos;http://s29.postimg.org/un8jegyx3/ICICLES_NO_10_29_90.jpg
ICICLES NO. 14;36.90.jpg;;;Glass Dildos;http://s29.postimg.org/n5zbz99dz/ICICLES_NO_14_36_90.jpg
ICICLES NO. 16;69.90.jpg;;;Glass Dildos;http://s29.postimg.org/zboj9no3r/ICICLES_NO_16_69_90.jpg
ICICLES NO. 17;44.90.jpg;;;Glass Dildos;http://s29.postimg.org/gi2qcnpvr/ICICLES_NO_17_44_90.jpg
ICICLES NO. 19;45.90.jpg;;;Glass Dildos;http://s29.postimg.org/mbcsd81jb/ICICLES_NO_19_45_90.jpg
ICICLES NO. 20;40.90.jpg;;;Glass Dildos;http://s29.postimg.org/yre3kpk93/ICICLES_NO_20_40_90.jpg
ICICLES NO. 21;54.90.jpg;;;Glass Dildos;http://s29.postimg.org/yopmk4r7r/ICICLES_NO_21_54_90.jpg
ICICLES NO. 22;39.90.jpg;;;Glass Dildos;http://s29.postimg.org/6ak7093nr/ICICLES_NO_22_39_90.jpg
ICICLES NO. 24;49.90.jpg;;;Glass Dildos;http://s29.postimg.org/xeweitmtj/ICICLES_NO_24_49_90.jpg
ICICLES NO. 49, GLASS BUTT PLUG WITH TAIL;62.90.jpg;;;Glass Dildos;http://s29.postimg.org/seyyavh6v/ICICLES_NO_49_GLASS_BUTT_PLUG_WITH_TAIL_62_90.jpg
ICICLES NO. 51 PURPLE;34.90.jpg;;;Glass Dildos;http://s29.postimg.org/65l14blqf/ICICLES_NO_51_PURPLE_34_90.jpg
ANGELO LOVERBOY;29.90.jpg;;;Sex Dolls;http://s30.postimg.org/5szadbkip/ANGELO_LOVERBOY_29_90.jpg
BIG COCK BRAD LOVE DOLL;89.90.jpg;;;Sex Dolls;http://s30.postimg.org/urclnnau9/BIG_COCK_BRAD_LOVE_DOLL_89_90.jpg
BIG JOHN DOLL;54.90.jpg;;;Sex Dolls;http://s30.postimg.org/z6v0swn8h/BIG_JOHN_DOLL_54_90.jpg
FIREMAN LOVE DOLL;59.0.jpg;;;Sex Dolls;http://s30.postimg.org/jnxkvsext/FIREMAN_LOVE_DOLL_59_0.jpg
FUCK MY HARD COCK, MASTURBATOR;439.jpg;;;Sex Dolls;http://s30.postimg.org/93nnd7ag1/FUCK_MY_HARD_COCK_MASTURBATOR_439.jpg
GIA TRANSSEXUAL LOVE DOLL;52.90.jpg;;;Sex Dolls;http://s30.postimg.org/izoqcug81/GIA_TRANSSEXUAL_LOVE_DOLL_52_90.jpg
GLADIATOR LOVE DOLL;129.jpg;;;Sex Dolls;http://s30.postimg.org/o2627mpi9/GLADIATOR_LOVE_DOLL_129.jpg
JUST-IN BEAVER LOVE DOLL;19.90.jpg;;;Sex Dolls;http://s30.postimg.org/wzvdiq7c1/JUST_IN_BEAVER_LOVE_DOLL_19_90.jpg
MIA ISABELLA BEGINNER TS LOVE DOLL;78.90.jpg;;;Sex Dolls;http://s30.postimg.org/spc49ecv5/MIA_ISABELLA_BEGINNER_TS_LOVE_DOLL_78_90.jpg
MISS DEMEANOR LOVE DOL;139.jpg;;;Sex Dolls;http://s30.postimg.org/bvbihjych/MISS_DEMEANOR_LOVE_DOL_139.jpg
SALLY SURPRISE LOVE DOLL;89.90.jpg;;;Sex Dolls;http://s30.postimg.org/i6gpxyzkx/SALLY_SURPRISE_LOVE_DOLL_89_90.jpg
TRIGGER TRAVIS GLOW IN THE DARK;26.90.jpg;;;Sex Dolls;http://s30.postimg.org/qaou2pm01/TRIGGER_TRAVIS_GLOW_IN_THE_DARK_26_90.jpg
TYLER ROCKS LOVE DOLL ;149.90.jpg;;;Sex Dolls;http://s30.postimg.org/gsp32o0bl/TYLER_ROCKS_LOVE_DOLL_149_90.jpg
"6"" DOUBLE PENETRATOR VIBRATING HOLLOW STRAP-ON";49.90.jpg;;;Strap Ons;http://s22.postimg.org/4mfziaf01/6_DOUBLE_PENETRATOR_VIBRATING_HOLLOW_STRAP_ON_4.jpg
"9"" HOLLOW STRAP-ON";110.jpg;;;Strap Ons;http://s22.postimg.org/6cuf6175d/9_HOLLOW_STRAP_ON_110.jpg
10 PURPLE PASSION VIBRATING HOLLOW STRAP-ON;49.90.jpg;;;Strap Ons;http://s22.postimg.org/4704bj3ox/10_FF_HOLLOW_STRAP_ON_PURPLE_45_90.jpg
"10"" FF HOLLOW STRAP ON PURPLE";45.90.jpg;;;Strap Ons;http://s22.postimg.org/jpxk8nbzl/10_PURPLE_PASSION_VIBRATING_HOLLOW_STRAP_ON_49.jpg
BASIX UNIVERSAL HARNESS PLUS SIZE;36.90.jpg;;;Strap Ons;http://s22.postimg.org/bqxsrbm9d/BASIX_UNIVERSAL_HARNESS_PLUS_SIZE_36_90.jpg
BEND OVER BOYFRIEND VIBRATING;46.90.jpg;;;Strap Ons;http://s22.postimg.org/rwpk08229/BEND_OVER_BOYFRIEND_VIBRATING_46_90.jpg
BIG DADDY HOLLOW 10 INCH STRAP-ON;69.90.jpg;;;Strap Ons;http://s22.postimg.org/4rjqrymb5/BIG_DADDY_HOLLOW_10_INCH_STRAP_ON_69_90.jpg
BITCHY BUTTERFLY STIMULATOR;27.90.jpg;;;Strap Ons;http://s22.postimg.org/tyums7pf5/BITCHY_BUTTERFLY_STIMULATOR_27_90.jpg
BLACK VAGINAL PROSTHETIC LARGE;24.90.jpg;;;Strap Ons;http://s22.postimg.org/jxpsiwcc1/BLACK_VAGINAL_PROSTHETIC_LARGE_24_90.jpg
BREE OLSEN STRAP-ON;56.90.jpg;;;Strap Ons;http://s22.postimg.org/bgqa7z7n5/BREE_OLSEN_STRAP_ON_56_90.jpg
BUTTERFLY ADVENTURE AROUSER;24.90.jpg;;;Strap Ons;http://s22.postimg.org/y99ansui9/BUTTERFLY_ADVENTURE_AROUSER_24_90.jpg
BUTTERFLY STIMULATOR;20.90.jpg;;;Strap Ons;http://s22.postimg.org/wvhnshv8x/BUTTERFLY_STIMULATOR_20_90.jpg
CORSET STRAP ON;129.90.jpg;;;Strap Ons;http://s22.postimg.org/mcm9h2hyp/CORSET_STRAP_ON_129_90.jpg
CROTCHLESS CORSET STRAP-ON;99.90.jpg;;;Strap Ons;http://s22.postimg.org/kuw7rrnu9/CROTCHLESS_CORSET_STRAP_ON_99_90.jpg
CROTCHLESS VIBRATING DOUBLE PENETRATOR;69.90.jpg;;;Strap Ons;http://s22.postimg.org/6cz0jrwj5/CROTCHLESS_VIBRATING_DOUBLE_PENETRATOR_69_90.jpg
DOUBLE DELIGHT STRAP-ON;59.90.jpg;;;Strap Ons;http://s22.postimg.org/5ddb1t6r5/DOUBLE_DELIGHT_STRAP_ON_59_90.jpg
DOUBLE STRAP-ON - RED;45.90.jpg;;;Strap Ons;http://s22.postimg.org/mgg2xbng1/DOUBLE_STRAP_ON_RED_45_90.jpg
DOUBLE TROUBLE;39.90.jpg;;;Strap Ons;http://s22.postimg.org/66pwufcs1/DOUBLETIP_STRAP_ON_SET_42_90.jpg
DOUBLETIP STRAP-ON SET;42.90.jpg;;;Strap Ons;http://s22.postimg.org/o6z3yt4z5/DOUBLE_TROUBLE_39_90.jpg
ELITE HOLLOW STRAP-ON 26CM; 99.90.jpg;;;Strap Ons;http://s22.postimg.org/4sy9z4dip/ELITE_HOLLOW_STRAP_ON_26_CM_99_90.jpg
"EXTREME 12"" HOLLOW STRAP FLESH";109.jpg;;;Strap Ons;http://s22.postimg.org/fttf455rl/EXTREME_12_HOLLOW_STRAP_FLESH_109.jpg
EXTREME SPIRAL STRAP-ON;99.90.jpg;;;Strap Ons;http://s22.postimg.org/nqdwcdh81/EXTREME_SPIRAL_STRAP_ON_99_90.jpg
EXTREME SWIRLY G STRAP ON;99.90.jpg;;;Strap Ons;http://s22.postimg.org/u2t1m7ka9/EXTREME_SWIRLY_G_STRAP_ON_99_90.jpg
FETISH FANTASY EXTREME EXTREME HOLLOW STRAP-ON;89.90.jpg;;;Strap Ons;http://s22.postimg.org/9mmmhpze9/FETISH_FANTASY_EXTREME_EXTREME_HOLLOW_STRAP_ON_8.jpg
FF ELITE 6 INCH HOLLOW STAP-ON PINK;99.jpg;;;Strap Ons;http://s22.postimg.org/4vi5lyh69/FF_ELITE_6_INCH_HOLLOW_STAP_ON_PINK_99.jpg
FF ELITE VIBRATING DOUBLE DELIGHT PURPLE;134.jpg;;;Strap Ons;http://s22.postimg.org/c2ofvkhgx/FF_ELITE_VIBRATING_DOUBLE_DELIGHT_PURPLE_134.jpg
"FF EXTREME 10"" HOLLOW STRAP FLESH";89.90.jpg;;;Strap Ons;http://s22.postimg.org/jp1ekgeb5/FF_EXTREME_10_HOLLOW_STRAP_FLESH_89_90.jpg
FF EXTREME RIBBED STRAP ON;99.90.jpg;;;Strap Ons;http://s22.postimg.org/wf5mxjm9d/FF_EXTREME_RIBBED_STRAP_ON_99_90.jpg
FF VIBRATING DOUBLE DELIGHT STRAP-ON;79.90.jpg;;;Strap Ons;http://s22.postimg.org/x3ehghkz5/FF_VIBRATING_DOUBLE_DELIGHT_STRAP_ON_79_90.jpg
FLESH 10 INCH VIBRATING HOLLOW STRAP-ON;49.90.jpg;;;Strap Ons;http://s22.postimg.org/69edv05td/FLESH_10_INCH_VIBRATING_HOLLOW_STRAP_ON_49_90.jpg
GARTER BELT STRAP-ON SET;93.90.jpg;;;Strap Ons;http://s22.postimg.org/dk9w74m7l/GARTER_BELT_STRAP_ON_SET_93_90.jpg
HIPSTER HARNESS;55-;23.90.jpg;;Strap Ons;http://s22.postimg.org/t4lvbelpt/HIPSTER_HARNESS_55_23_90.jpg
HOLLOW STRAP-ON, BLACK;37.90.jpg;;;Strap Ons;http://s22.postimg.org/4wwot48dt/HOLLOW_STRAP_ON_BLACK_37_90.jpg
HOLLOW STRAP-ON, FLESH;37.90.jpg;;;Strap Ons;http://s22.postimg.org/szdinzp0x/HOLLOW_STRAP_ON_FLESH_37_90.jpg
HOLLOW STRAP-ON, PURPLE;37.90.jpg;;;Strap Ons;http://s22.postimg.org/p6yllzywh/HOLLOW_STRAP_ON_PURPLE_37_90.jpg
JELLY DONG STRAP ON;39.90.jpg;;;Strap Ons;http://s22.postimg.org/ra4ffx9bl/JELLY_DONG_STRAP_ON_39_90.jpg
JOYRIDE DUO PINK;59.90.jpg;;;Strap Ons;http://s22.postimg.org/qbsnrdldd/JOYRIDE_DUO_PINK_59_90.jpg
LAP DANCER;25.jpg;;;Strap Ons;http://s22.postimg.org/arla0ub8x/LAP_DANCER25.jpg
LOVERS LUST STRAP ON PENIS;55.90.jpg;;;Strap Ons;http://s9.postimg.org/bgikjwgf3/LOVERS_LUST_STRAP_ON_PENIS_55_90.jpg
MAGIC FLESH STRAP ON;39.90.jpg;;;Strap Ons;http://s9.postimg.org/ggg0rum1r/MAGIC_FLESH_STRAP_ON_39_90.jpg
MAGIC-KOK VIBRATOR AND HARNESS KIT;55.jpg;;;Strap Ons;http://s9.postimg.org/bj2g6qk2n/MAGIC_KOK_VIBRATOR_AND_HARNESS_KIT_55.jpg
MIA ISABELLA CREATE YOUR OWN TRANNY;105.jpg;;;Strap Ons;http://s9.postimg.org/9fs0z2k9r/MIA_ISABELLA_CREATE_YOUR_OWN_TRANNY_105.jpg
MOJO BLACKJACK - BLACK;18.90.jpg;;;Strap Ons;http://s9.postimg.org/n4cmeg5jz/MOJO_BLACKJACK_BLACK_18_90.jpg
MOJO GHIA MALE HARNESS;55.90.jpg;;;Strap Ons;http://s9.postimg.org/u2gqke3of/MOJO_GHIA_MALE_HARNESS_55_90.jpg
MOJO THROTTLE VIBR. MALE HARNE;55.90.jpg;;;Strap Ons;http://s9.postimg.org/y0409sqhr/MOJO_THROTTLE_VIBR_MALE_HARNE_55_90.jpg
MR. BIG HOLLOW 8 INCH STRAP-ON;59.90.jpg;;;Strap Ons;http://s9.postimg.org/61efwoe8v/MR_BIG_HOLLOW_8_INCH_STRAP_ON_59_90.jpg
NATURAL DUO PROSTHETIC LARGE;29.90.jpg;;;Strap Ons;http://s9.postimg.org/hf0z7vorj/NATURAL_DUO_PROSTHETIC_LARGE_29_90.jpg
PINK POWERGIRL STRAP-ON;45.90.jpg;;;Strap Ons;http://s9.postimg.org/fohy6e78f/PINK_POWERGIRL_STRAP_ON_45_90.jpg
PLUS SIZE CORSET STRAP ON;129.90.jpg;;;Strap Ons;http://s9.postimg.org/stxgci13z/PLUS_SIZE_CORSET_STRAP_ON_129_90.jpg
POSABLE PARTNER G-SPOT STRAP ON;45.90.jpg;;;Strap Ons;http://s9.postimg.org/snjr9erz3/POSABLE_PARTNER_G_SPOT_STRAP_ON_45_90.jpg
POSABLE PARTNER STRAP-ON;45.90.jpg;;;Strap Ons;http://s9.postimg.org/il4z6od27/POSABLE_PARTNER_STRAP_ON_45_90.jpg
POWER JELLY DONG;49.90.jpg;;;Strap Ons;http://s9.postimg.org/l3qo7cysf/POWER_JELLY_DONG_49_90.jpg
PURE BUTTERFLY STRAP-ON;28.70.jpg;;;Strap Ons;http://s9.postimg.org/r5yaxun8f/PURE_BUTTERFLY_STRAP_ON_28_70.jpg
PURE VIBES DOLPHIN;29.jpg;;;Strap Ons;http://s9.postimg.org/w5vr5ssv3/PURE_VIBES_DOLPHIN_29.jpg
REMOTE CONTROL FANTASY STRAP-ON;79.90.jpg;;;Strap Ons;http://s9.postimg.org/f9b9r4aov/REMOTE_CONTROL_FANTASY_STRAP_ON_79_90.jpg
SELFMADE SEXMACHINE;59.90.jpg;;;Strap Ons;http://s9.postimg.org/gmyb8okkf/SELFMADE_SEXMACHINE_59_90.jpg
SMILE STRAP ON VIBE CRAZY;45.jpg;;;Strap Ons;http://s9.postimg.org/nsunovj1b/SMILE_STRAP_ON_VIBE_CRAZY_45.jpg
SOLID BENDING DONG;35.90.jpg;;;Strap Ons;http://s9.postimg.org/6tlp9m7tr/SOLID_BENDING_DONG_35_90.jpg
STRAP ON!;55.jpg;;;Strap Ons;http://s9.postimg.org/guzqaezof/STRAP_ON_DILDO_COMBO_BLACK_66.jpg
STRAP ON! BLACK;55.90.jpg;;;Strap Ons;http://s9.postimg.org/k5jhwk07z/STRAP_ON_DILDO_COMBO_FLESH_60.jpg
STRAP-ON & DILDO COMBO - BLACK;66.jpg;;;Strap Ons;http://s9.postimg.org/4sv5osbof/STRAP_ON_HOLLOW_EXTENDER_26_90.jpg
STRAP-ON & DILDO COMBO - FLESH;60.jpg;;;Strap Ons;http://s9.postimg.org/pr1bmvbj3/STRAP_ON_PARADISE_19_90.jpg
STRAP-ON HOLLOW EXTENDER;26.90.jpg;;;Strap Ons;http://s9.postimg.org/g91kmtpun/STRAP_ON_SET_49_90.jpg
STRAP-ON PARADISE;19.90.jpg;;;Strap Ons;http://s9.postimg.org/lvxxkasdb/STRAP_ON_SOLID_EXTENDER_24.jpg
STRAP-ON SET;49.90.jpg;;;Strap Ons;http://s9.postimg.org/gczzgtkpr/STRAPLESS_STRAP_ON_WITH_ANAL_STIMUL_59_90.jpg
STRAP-ON SOLID EXTENDER;24.jpg;;;Strap Ons;http://s9.postimg.org/aehksucdb/STRAP_ON_55.jpg
STRAPLESS STRAP-ON WITH ANAL STIMUL;59.90.jpg;;;Strap Ons;http://s9.postimg.org/4rl7vd9un/STRAP_ON_BLACK_55_90.jpg
SUPER WOMAN HARNESS;45.90.jpg;;;Strap Ons;http://s9.postimg.org/lyht74w0v/SUPER_WOMAN_HARNESS_45_90.jpg
THE PEGGER STRAP;33.90.jpg;;;Strap Ons;http://s9.postimg.org/9l9kdyvq7/THE_PEGGER_STRAP_33_90.jpg
UNIVERSAL BEGINNER'S HARNESS;39.90.jpg;;;Strap Ons;http://s9.postimg.org/nwt2ivdwf/UNIVERSAL_BEGINNER_S_HARNESS_39_90.jpg
UNIVERSAL HEAVY-DUTY HARNESS;59.90.jpg;;;Strap Ons;http://s9.postimg.org/kan9687j3/UNIVERSAL_HEAVY_DUTY_HARNESS_59_90.jpg
VENUS BUTTERFLY;25.jpg;;;Strap Ons;http://s9.postimg.org/kbx6zn9cv/VENUS_BUTTERFLY_25.jpg
VENUS BUTTERFLY MASSAGER;24.90.jpg;;;Strap Ons;http://s9.postimg.org/w3l2ag3z3/VENUS_BUTTERFLY_MASSAGER_24_90.jpg
VENUS PENIS STRAP-ON;26.50.jpg;;;Strap Ons;http://s9.postimg.org/4is8j6mfz/VENUS_PENIS_STRAP_ON_26_50.jpg
VIBRATING DOUBLE DELIGHT STRAP-ON;79.90.jpg;;;Strap Ons;http://s9.postimg.org/ospjybnkv/VIBRATING_DOUBLE_DELIGHT_STRAP_ON_79_90.jpg
VIBRATING HOLLOW STRAP-ON, FLESH;45.90.jpg;;;Strap Ons;http://s9.postimg.org/5wjvehlpb/VIBRATING_HOLLOW_STRAP_ON_FLESH_45_90.jpg
VIBRATING HOLLOW STRAP-ON, PURPLE;49.90.jpg;;;Strap Ons;http://s9.postimg.org/99wpey4nz/VIBRATING_HOLLOW_STRAP_ON_PURPLE_49_90.jpg
VIBRATING PROSTHETIC PUMP;34.90.jpg;;;Strap Ons;http://s9.postimg.org/s0ymp3z8f/VIBRATING_PROSTHETIC_PUMP_34_90.jpg
VIBRATING STRAP ON DUO PURPLE;49.90.jpg;;;Strap Ons;http://s9.postimg.org/l1kkpqza7/VIBRATING_STRAP_ON_HOLLOW_EXTENDER_27_90.jpg
VIBRATING STRAP-ON HOLLOW EXTENDER;27.90.jpg;;;Strap Ons;http://s9.postimg.org/ag0pdqsyn/VIBRATING_STRAPLESS_STRAP_ON_54_00.jpg
VIBRATING STRAPLESS STRAP-ON;54.00.jpg;;;Strap Ons;http://s9.postimg.org/g1n4hstnj/VIBRATING_STRAP_ON_DUO_PURPLE_49_90.jpg
WHAT`A MAN, STRAP-ON PENIS FOR MEN;19.90.jpg;;;Strap Ons;http://s9.postimg.org/8qrm5od9b/WHAT_A_MAN_STRAP_ON_PENIS_FOR_MEN_19_90.jpg
WIRELESS 3-SPEED STRAP-ON;79.90.jpg;;;Strap Ons;http://s9.postimg.org/uegkg4dnj/WIRELESS_3_SPEED_STRAP_ON_79_90.jpg
"XTREME 12"" HOLLOW STRAP BLACK";109.jpg;;;Strap Ons;http://s9.postimg.org/7chlrekgv/XTREME_12_HOLLOW_STRAP_BLACK_109.jpg
CLIT SUCKER;27.80.jpg;;;Vagina Pumps;http://s9.postimg.org/fo4mkjk0v/CLIT_SUCKER_27_80.jpg
CLITORIAL VIBRATING PUMP;24.90.jpg;;;Vagina Pumps;http://s9.postimg.org/vwfswwmjj/CLITORIAL_VIBRATING_PUMP_24_90.jpg
CRYSTAL CLEAR MULTISUCKER;21.90.jpg;;;Vagina Pumps;http://s9.postimg.org/wm3n6dten/CRYSTAL_CLEAR_MULTISUCKER_21_90.jpg
FF VIBRATING MINI PUSSY PUMP;54.90.jpg;;;Vagina Pumps;http://s9.postimg.org/xfg8yzzfj/FF_VIBRATING_MINI_PUSSY_PUMP_54_90.jpg
NIKKI`S VIBRATING DUAL PLEASURE PUMP;21.0.jpg;;;Vagina Pumps;http://s9.postimg.org/c38r1bfhb/NIKKI_S_VIBRATING_DUAL_PLEASURE_PUMP_21_0.jpg
PD EXTREME VIBRATING PUSSY PUMP;69.90.jpg;;;Vagina Pumps;http://s9.postimg.org/4r3avrx9b/PD_EXTREME_VIBRATING_PUSSY_PUMP_69_90.jpg
PREMIUM RANGE VAGINA PUMP, PINK;34.90.jpg;;;Vagina Pumps;http://s9.postimg.org/5kfwoe3a7/PREMIUM_RANGE_VAGINA_PUMP_PINK_34_90.jpg
PUSSY PUMP;25.90.jpg;;;Vagina Pumps;http://s9.postimg.org/n7xpmld7j/PUSSY_PUMP_25_90.jpg
PUSSY PUMP;39.90.jpg;;;Vagina Pumps;http://s9.postimg.org/grtca8u1r/PUSSY_PUMP_39_90.jpg
TRIPLE SUCKERS;69.90.jpg;;;Vagina Pumps;http://s9.postimg.org/e1fezb7z3/TRIPLE_SUCKERS_69_90.jpg
VAGINA CUP WITH INTRA PUMP;26.90.jpg;;;Vagina Pumps;http://s9.postimg.org/7qa7iw6qn/VAGINA_CUP_WITH_INTRA_PUMP_26_90.jpg
VAGINA SUCKER;36.90.jpg;;;Vagina Pumps;http://s9.postimg.org/sbozasobj/VAGINA_SUCKER_36_90.jpg
VAGINA VIBRATING SUCKER;36.90.jpg;;;Vagina Pumps;http://s9.postimg.org/4yvj60xlr/VAGINA_VIBRATING_SUCKER_36_90.jpg
VIBRATING NIPPLE PUMP PINK;36.90.jpg;;;Vagina Pumps;http://s9.postimg.org/3l3wapycf/VIBRATING_NIPPLE_PUMP_PINK_36_90.jpg
VIBRATING PUSSY NIBBLER;25.90.jpg;;;Vagina Pumps;http://s9.postimg.org/iv3rhwtun/VIBRATING_PUSSY_NIBBLER_25_90.jpg
5 PACKVIBE METALLIC COULOURS;39.90.jpg;;;Vibrators;http://s8.postimg.org/hgsdhnjph/5_PACKVIBE_METALLIC_COULOURS_39_90.jpg
AUTHENTIC REACTION DONG;39.90.jpg;;;Vibrators;http://s8.postimg.org/if45677np/AUTHENTIC_REACTION_DONG_39_90.jpg
BATHBOY;22.90.jpg;;;Vibrators;http://s8.postimg.org/eu89mz345/BATHBOY_22_90.jpg
BRIGHTY VIBRATOR/MASSAGER, PURPLE;49.90.jpg;;;Vibrators;http://s8.postimg.org/vgptw1w1x/BRIGHTY_VIBRATOR_MASSAGER_PURPLE_49_90.jpg
CLASSIC SLIM VIBRATOR - BLACK;25.90.jpg;;;Vibrators;http://s8.postimg.org/lnd7wzjb9/CLASSIC_SLIM_VIBRATOR_BLACK_25_90.jpg
CLASSIC VIBE VIBRATOR 20CM;20.90.jpg;;;Vibrators;http://s8.postimg.org/wo8d20bk5/CLASSIC_VIBE_VIBRATOR_20_CM_20_90.jpg
CLOSE 2 YOU ARIOSO VIBRATOR;139.90.jpg;;;Vibrators;http://s8.postimg.org/8s58a841x/CLOSE_2_YOU_ARIOSO_VIBRATOR_139_90.jpg
COLT 6.5 REALISTIC VIBRATOR FLESH;22.90.jpg;;;Vibrators;http://s8.postimg.org/clyojdldx/COLT_6_5_REALISTIC_VIBRATOR_FLESH_22_90.jpg
COLT THE PROWLER BLACK;29.90.jpg;;;Vibrators;http://s8.postimg.org/o8iski8p1/COLT_THE_PROWLER_BLACK_29_90.jpg
CRYSTAL COX PURPLE;32.90.jpg;;;Vibrators;http://s8.postimg.org/eucv0pshx/CRYSTAL_COX_PURPLE_32_90.jpg
DIAMOND PINK SUPERBE VIBE;20.50.jpg;;;Vibrators;http://s8.postimg.org/svoum9w1x/DIAMOND_PINK_SUPERBE_VIBE_20_50.jpg
DIAMOND RED SUPERBE VIBE;20.55.jpg;;;Vibrators;http://s8.postimg.org/k37vylax1/DIAMOND_RED_SUPERBE_VIBE_20_55.jpg
DIAMOND TRIPLE PLEASURE PACK;69.90.jpg;;;Vibrators;http://s8.postimg.org/6u35pz0xx/DIAMOND_TRIPLE_PLEASURE_PACK_69_90.jpg
DUO - SEX VIBRATOR;39.90.jpg;;;Vibrators;http://s8.postimg.org/uiinl8xhh/DUO_SEX_VIBRATOR_39_90.jpg
"EASY LOVE ""VERONICA"" SMARTVIBE, PURPLE";99.jpg;;;Vibrators;http://s8.postimg.org/7sexeiow5/EASY_LOVE_VERONICA_SMARTVIBE_PURPLE_99.jpg
ENTINCE BELLE ROOSA VIBRATOR;59.90.jpg;;;Vibrators;http://s8.postimg.org/5qj1e0gat/ENTINCE_BELLE_ROOSA_VIBRATOR_59_90.jpg
ENTINCE ISABELLA RASPBERRY;75.90.jpg;;;Vibrators;http://s8.postimg.org/g35c039tx/ENTINCE_ISABELLA_RASPBERRY_75_90.jpg
ENTINCE OLIVIA, PURPLE;39.90.jpg;;;Vibrators;http://s8.postimg.org/lslkkeg05/ENTINCE_OLIVIA_PURPLE_39_90.jpg
FANTASY VIBE 16 CM;21.90.jpg;;;Vibrators;http://s8.postimg.org/f78ukn05h/FANTASY_VIBE_16_CM_21_90.jpg
FANTASY VIBE 20 CM;23.90.jpg;;;Vibrators;http://s8.postimg.org/3w66w9tad/FANTASY_VIBE_20_CM_23_90.jpg
FANTASY VIBE 25 CM;24.90.jpg;;;Vibrators;http://s8.postimg.org/ltvidthtx/FANTASY_VIBE_25_CM_24_90.jpg
FANTASY VIBE LONG VIBRAATOR;25.90.jpg;;;Vibrators;http://s8.postimg.org/hemqjf151/FANTASY_VIBE_LONG_VIBRAATOR_25_90.jpg
FANTASY VIBE VIBRAATOR;29.90.jpg;;;Vibrators;http://s8.postimg.org/rpz3c2sud/FANTASY_VIBE_VIBRAATOR_29_90.jpg
FANTASY VIBRATOR 20,5CM;19.90.jpg;;;Vibrators;http://s8.postimg.org/de5xwbeyt/FANTASY_VIBRATOR_20_5_CM_19_90.jpg
FANTASY VIBRATOR 25CM;23.90.jpg;;;Vibrators;http://s8.postimg.org/vfp2u48zp/FANTASY_VIBRATOR_25_CM_23_90.jpg
FEELING TIDAL VIBRATOR;69.90.jpg;;;Vibrators;http://s8.postimg.org/fmoprebgl/FEELING_TIDAL_VIBRATOR_69_90.jpg
FF INFLATABLE LUV LOG;109.90.jpg;;;Vibrators;http://s8.postimg.org/6y1kjyvt1/FF_INFLATABLE_LUV_LOG_109_90.jpg
FIFTY SHADES OF GREY - CHRALIE TANGO VIBRATOR;44.90.jpg;;;Vibrators;http://s8.postimg.org/ezpt1vekl/FIFTY_SHADES_OF_GREY_CHRALIE_TANGO_VIBRATOR_44.jpg
FLOWER POWER VIBRATOR;14.90.jpg;;;Vibrators;http://s8.postimg.org/c6wlhue85/FLOWER_POWER_VIBRATOR_14_90.jpg
FT G-VIBE;159.jpg;;;Vibrators;http://s8.postimg.org/y3j4i7ret/FT_G_VIBE_159.jpg
FULL VINYL LARGE P-SHAPE VIBRATOR;22.90.jpg;;;Vibrators;http://s8.postimg.org/ckxxhfybp/FULL_VINYL_LARGE_P_SHAPE_VIBRATOR_22_90.jpg
FUNKY VIBELICIOUS G SPOT PINK;21.90.jpg;;;Vibrators;http://s8.postimg.org/cnht4a1z9/FUNKY_VIBELICIOUS_G_SPOT_PINK_21_90.jpg
FUNKY VIBELICIOUS PINK; 21.90.jpg;;;Vibrators;http://s8.postimg.org/4978db79h/FUNKY_VIBELICIOUS_PINK_21_90.jpg
FUNKY WAVE VIBRETTE PINK;29.90.jpg;;;Vibrators;http://s8.postimg.org/bp1g1zon9/FUNKY_WAVE_VIBRETTE_PINK_29_90.jpg
G-SLIM VIBAATOR, PURPLE;25.90.jpg;;;Vibrators;http://s8.postimg.org/ycgp85479/G_SLIM_VIBAATOR_PURPLE_25_90.jpg
G-TWISTER;53.90.jpg;;;Vibrators;http://s8.postimg.org/jrzmdb98l/G_TWISTER_53_90.jpg
G-VOLUTION G-SPOT VIBE - PINK;45.90.jpg;;;Vibrators;http://s21.postimg.org/fxxe2bkzr/G_VOLUTION_G_SPOT_VIBE_PINK_45_90.jpg
H2O MEGA MAN WATERPROOF VIBRATO;24.90.jpg;;;Vibrators;http://s21.postimg.org/qjh9ebrbb/H2_O_MEGA_MAN_WATERPROOF_VIBRATO_24_90.jpg
H2O PATRIOT WET VIBE;24.90.jpg;;;Vibrators;http://s21.postimg.org/wj50hzc3r/H2_O_PATRIOT_WET_VIBE_24_90.jpg
HAPPY G-SPOT VIBE - PINK;34.90.jpg;;;Vibrators;http://s21.postimg.org/5p9ia8mbr/HAPPY_G_SPOT_VIBE_PINK_34_90.jpg
INFATABLE VIBR. NATUREL PROSTHETIC;39.90.jpg;;;Vibrators;http://s21.postimg.org/uc0ru26tj/INFATABLE_VIBR_NATUREL_PROSTHETIC_39_90.jpg
JE JOUE UMA black;99.jpg;;;Vibrators;http://s21.postimg.org/7bu4hq8zr/JE_JOUE_UMA_black_99.jpg
JELLI VIBRATOR 23CM PURPLE;19.90.jpg;;;Vibrators;http://s21.postimg.org/j7gemiyh3/JELLI_VIBRATOR_23_CM_PURPLE_19_90.jpg
JELLY BLACK VIBRAATOR;16.90.jpg;;;Vibrators;http://s21.postimg.org/f3ffu12iv/JELLY_BLACK_VIBRAATOR_16_90.jpg
JELLY PINK GLITTER VIBRATOR;21.90.jpg;;;Vibrators;http://s21.postimg.org/3oiypeq6f/JELLY_PINK_GLITTER_VIBRATOR_21_90.jpg
L'ORIGINAL BODY WAND MASSAGER GOLD;89.90.jpg;;;Vibrators;http://s21.postimg.org/52alkppfr/L_ORIGINAL_BODY_WAND_MASSAGER_GOLD_89_90.jpg
L'ORIGINAL BODY WAND MASSAGER SILVER;89.90.jpg;;;Vibrators;http://s21.postimg.org/at0ryfxfr/L_ORIGINAL_BODY_WAND_MASSAGER_SILVER_89_90.jpg
LA ROCKTAR - ROCKSTAAR VIBRAATOR;29.90.jpg;;;Vibrators;http://s21.postimg.org/9ukew5k3r/LADYFINGER_GOLD_VIBRATOR_8_90.jpg
LADYFINGER GOLD VIBRATOR; 8.90.jpg;;;Vibrators;http://s21.postimg.org/udfb17y13/LA_ROCKTAR_ROCKSTAAR_VIBRAATOR_29_90.jpg
LE BIKER - MOOTORRATTUR VIBRAATOR;29.90.jpg;;;Vibrators;http://s21.postimg.org/6dict6l1j/LE_BIKER_MOOTORRATTUR_VIBRAATOR_29_90.jpg
LE BODYGUARD - IHUKAITSJA VIBRAATOR;39.90.jpg;;;Vibrators;http://s21.postimg.org/wxaxvbll3/LE_BODYGUARD_IHUKAITSJA_VIBRAATOR_39_90.jpg
LE CHIC MINI VIBE;19.90.jpg;;;Vibrators;http://s21.postimg.org/rr4dy0w7b/LE_CHIC_MINI_VIBE_19_90.jpg
LE DEPANNEUR - TORUMEES VIBRAATOR;39.90.jpg;;;Vibrators;http://s21.postimg.org/d6nb3718n/LE_DEPANNEUR_TORUMEES_VIBRAATOR_39_90.jpg
LE DOCTEUR - DOKTOR VIBRAATOR;29.90.jpg;;;Vibrators;http://s21.postimg.org/s1bwhdatj/LE_DOCTEUR_DOKTOR_VIBRAATOR_29_90.jpg
LE POMPIER - TULETOÌƒRJUJA VIBRAATOR;39.90.jpg;;;Vibrators;http://s21.postimg.org/4thm8j213/LE_POMPIER_TULET_RJUJA_VIBRAATOR_39_90.jpg
LITTLE VIBRATING SOFTEE 5 G-SPOT, PINK;15.90.jpg;;;Vibrators;http://s21.postimg.org/mgzf6qbyf/LITTLE_VIBRATING_SOFTEE_5_G_SPOT_PINK_15_90.jpg
LITTLE VIBRATING SOFTEE 5 VIBRATOR, PURPLE;11.90.jpg;;;Vibrators;http://s21.postimg.org/bvfjuq5mv/LITTLE_VIBRATING_SOFTEE_5_VIBRATOR_PURPLE_11_90.jpg
LOVE MACHINE;359.jpg;;;Vibrators;http://s21.postimg.org/efb6ott6v/LOVECLONE_DUO_DENSITY_II_35_90.jpg
LOVECLONE DUO DENSITY II;35.90.jpg;;;Vibrators;http://s21.postimg.org/e53o5hekn/LOVECLONE_II_6_5_DUO_DENSITY_35_00.jpg
LOVECLONE II 6.5 DUO DENSITY;35.00.jpg;;;Vibrators;http://s21.postimg.org/ql5fwce87/LOVECLONEII_7_5_DUO_DENSITY_MS_VIBRATOR_36_90.jpg
LOVECLONE II DUO DENSITY 210;35.90.jpeg;;;Vibrators;http://s21.postimg.org/mbvnx24nb/LOVECLONE_II_DUO_DENSITY_210_35_90.jpg
LOVECLONEII 7.5 DUO DENSITY MS VIBRATOR;36.90.jpg;;;Vibrators;http://s21.postimg.org/6rtc3n0uf/LOVELY_VIBES_ELEGANT_VIBE_PINK_69_90.jpg
LOVELY VIBES ELEGANT VIBE - PINK;69.90.jpg;;;Vibrators;http://s21.postimg.org/tujv2t2br/LOVELY_VIBES_G_SPOT_TWIN_VIBE_PINKKI_79_90.jpg
LOVELY VIBES G-SPOT TWIN VIBE - PINKKI;79.90.jpg;;;Vibrators;http://s21.postimg.org/uetu8dp8n/LOVE_MACHINE_359.jpg
LULU SATIN SCOOP VIBE PINK;25.90.jpg;;;Vibrators;http://s21.postimg.org/nuw3z5hjb/LULU_SATIN_SCOOP_VIBE_PINK_25_90.jpg
LULU SATIN TOUCH VIBE PINK;25.90.jpg;;;Vibrators;http://s21.postimg.org/n6n9g7itj/LULU_SATIN_TOUCH_VIBE_PINK_25_90.jpg
MIGHTY MUSCLE 9 FLESH INTIM.3 VIBRATOR;35.00.jpg;;;Vibrators;http://s21.postimg.org/w2y1k59fr/MIGHTY_MUSCLE_9_FLESH_INTIM_3_VIBRATOR_35_00.jpg
MIND BLOWER SUPER INFLATING PENIS WITH MULTI-SPEED VIBRATOR 7;35.50.jpg;;;Vibrators;http://s21.postimg.org/6lfn0jrpj/MIND_BLOWER_SUPER_INFLATING_PENIS_WITH_MULTI_SPE.jpg
MINI ROCKER PLEASURIZER;46.90.jpg;;;Vibrators;http://s21.postimg.org/ytbyv2vif/MINI_ROCKER_PLEASURIZER_46_90.jpg
MINI VINE 5 PEARL SHINE VIBRATOR FLESH;9.50.jpg;;;Vibrators;http://s21.postimg.org/57o058sg7/MINI_VINE_5_PEARL_SHINE_VIBRATOR_FLESH_9_50.jpg
MORPHEUS THE DREAMER;42.90.jpg;;;Vibrators;http://s21.postimg.org/qjvi2xcef/MORPHEUS_THE_DREAMER_BLACK_42_90.jpg
MORPHEUS THE DREAMER, BLACK;42.90.jpg;;;Vibrators;http://s21.postimg.org/egq6fd1c7/MORPHEUS_THE_DREAMER_42_90.jpg
MUZE SOUND SENSITIVE VIBRATOR PINK;69.90.jpg;;;Vibrators;http://s21.postimg.org/wyz4dc8hz/MUZE_SOUND_SENSITIVE_VIBRATOR_PINK_69_90.jpg
MY SECRET LOVE PASSION POINTER;69.90.jpg;;;Vibrators;http://s21.postimg.org/n2y1dp2pz/MY_SECRET_LOVE_PASSION_POINTER_69_90.jpg
NATURAL VIBRATOR;12.90.jpg;;;Vibrators;http://s21.postimg.org/oxavvfpqf/NATURAL_VIBRATOR_12_90.jpg
NATURE SKIN FLAME VIBE;42.90.jpg;;;Vibrators;http://s21.postimg.org/4shbpyvwn/NATURE_SKIN_FLAME_VIBE_42_90.jpg
NATURE SKIN MINI VIBE;19.90.jpg;;;Vibrators;http://s21.postimg.org/vg3q8d1xj/NATURE_SKIN_MINI_VIBE_19_90.jpg
NATURE SKIN REAL VIBE;35.90.jpg;;;Vibrators;http://s21.postimg.org/x6mr9ujgn/NATURE_SKIN_REAL_VIBE_35_90.jpg
NEO VIBRATOR PINK;89.90.jpg;;;Vibrators;http://s21.postimg.org/khsgq6dc7/NEO_VIBRATOR_PINK_89_90.jpg
NEON GEM YELLOW VIBRATOR;23.90.jpg;;;Vibrators;http://s21.postimg.org/tfhs19v5z/NEON_GEM_YELLOW_VIBRATOR_23_90.jpg
NEW NIBBLE SMART VIBRATOR;99.00.jpg;;;Vibrators;http://s21.postimg.org/hewc0jnrb/NEW_NIBBLE_SMART_VIBRATOR_99_00.jpg
NEW NIBBLE+ SMART VIBRATOR;119.jpg;;;Vibrators;http://s21.postimg.org/npwy37zlz/NEW_NIBBLE_SMART_VIBRATOR_119.jpg
OVO D1 LILAC;29.90.jpg;;;OVO;http://s23.postimg.org/5dg2a6iff/OVO_D1_LILAC_29_90.jpg
OVO D1 MINI VIBE VIOLET;29.90.jpg;;;OVO;http://s23.postimg.org/wa01ii18r/OVO_D1_MINI_VIBE_VIOLET_29_90.jpg
OVO D1 WHITE;29.90.jpg;;;OVO;http://s23.postimg.org/6ia4fk4wb/OVO_D1_WHITE_29_90.jpg
OVO D2 MINI VIBE - LIGHT VIOLET;25.90.jpg;;;OVO;http://s23.postimg.org/da0jietvv/OVO_D2_MINI_VIBE_LIGHT_VIOLET_25_90.jpg
OVO D2 MINI VIBE - ROSE;25.90.jpg;;;OVO;http://s23.postimg.org/3mx18p0wb/OVO_D2_MINI_VIBE_ROSE_25_90.jpg
OVO D2 MINI VIBE - WHITE;25.90.jpg;;;OVO;http://s23.postimg.org/lyj3c3k5n/OVO_D2_MINI_VIBE_WHITE_25_90.jpg
OVO D3 MINI VIBE PINK;39.90.jpg;;;OVO;http://s23.postimg.org/w66828vrf/OVO_D3_MINI_VIBE_PINK_39_90.jpg
OVO D3 MINI VIBE WITHE;34.90.jpg;;;OVO;http://s23.postimg.org/5aw6ncerv/OVO_D3_MINI_VIBE_WITHE_34_90.jpg
OVO D3 VIOLET;39.90.jpg;;;OVO;http://s23.postimg.org/6ku02e8jv/OVO_D3_VIOLET_39_90.jpg
OVO D4 MINI VIBE PURPLE;34.90.jpg;;;OVO;http://s23.postimg.org/rbh4hpmtn/OVO_D4_MINI_VIBE_PINK_34_90.jpg
OVO D4 MINI VIBE WHITE;34.90.jpg;;;OVO;http://s23.postimg.org/5wl5jg9u3/OVO_D4_MINI_VIBE_PURPLE_34_90.jpg
OVO D4 MINI VIBE, PINK;34.90.jpg;;;OVO;http://s23.postimg.org/4k3ghkcej/OVO_D4_MINI_VIBE_WHITE_34_90.jpg
OVO F2 VIBRATOR WHITE/PINK;34.90.jpg;;;OVO;http://s23.postimg.org/yl2p0f1e3/OVO_F2_VIBRATOR_WHITE_PINK_34_90.jpg
OVO F3 PINK/WHITE;34.90.jpg;;;OVO;http://s23.postimg.org/i7iph9l8r/OVO_F3_PINK_WHITE_34_90.jpg
OVO F3 VIBRATOR WITHE/VIOLET ;34.90.jpg;;;OVO;http://s23.postimg.org/xhikoggqz/OVO_F3_VIBRATOR_WITHE_VIOLET_34_90.jpg
OVO F4 VIBRATOR WHITE;34.90.jpg;;;OVO;http://s23.postimg.org/xdor87b9n/OVO_F4_VIBRATOR_WHITE_34_90.jpg
OVO F4 VIBRATOR WHITE/PINK;34.90.jpg;;;OVO;http://s23.postimg.org/vaec0jbgr/OVO_F4_VIBRATOR_WHITE_PINK_34_90.jpg
OVO F5 BLACK;34.90.jpg;;;OVO;http://s23.postimg.org/q436phwp7/OVO_F5_BLACK_34_90.jpg
OVO F5 VIBRATOR PINK;34.90.jpg;;;OVO;http://s23.postimg.org/3xdqjiua3/OVO_F5_VIBRATOR_PINK_34_90.jpg
OVO F5 WHITE;34.90.jpg;;;OVO;http://s23.postimg.org/kh6ts0u6j/OVO_F5_WHITE_34_90.jpg
OVO F6 VIBRATOR - BLACK;34.90.jpg;;;OVO;http://s23.postimg.org/lkqy3zetn/OVO_F6_VIBRATOR_BLACK_34_90.jpg
OVO F6 VIBRATOR WHITE;34.90.jpg;;;OVO;http://s23.postimg.org/5ns679mff/OVO_F6_VIBRATOR_WHITE_34_90.jpg
OVO F7 VIBRATOR - WHITE/VIOLET;34.90.jpg;;;OVO;http://s23.postimg.org/dj7aztlfv/OVO_F7_VIBRATOR_WHITE_VIOLET_34_90.jpg
OVO F7 VIBRATOR BLACK;34.90.jpg;;;OVO;http://s23.postimg.org/htlyveqiz/OVO_F7_VIBRATOR_BLACK_34_90.jpg
OVO F8 VIBRATOR BLACK/GOLD;34.90.jpg;;;OVO;http://s23.postimg.org/qfp8g02iz/OVO_F8_VIBRATOR_BLACK_GOLD_34_90.jpg
OVO F8 VIBRATOR WHITE/PINK;34.90.jpg;;;OVO;http://s23.postimg.org/r3y2yy18r/OVO_F8_VIBRATOR_WHITE_PINK_34_90.jpg
OVO F9 VIBRATOR - LIGHT VIOLET;34.90.jpg;;;OVO;http://s23.postimg.org/5k2y4r6bv/OVO_F9_VIBRATOR_LIGHT_VIOLET_34_90.jpg
OVO F9 VIBRATOR WITHE;34.90.jpg;;;OVO;http://s23.postimg.org/7kthpl2h7/OVO_F9_VIBRATOR_WITHE_34_90.jpg
OVO F10 VIBRATOR - WHITE/VIOLET;34.90.jpg;;;OVO;http://s23.postimg.org/qv0i90ogb/OVO_F10_VIBRATOR_WHITE_VIOLET_34_90.jpg
OVO F10 VIBRATOR BLACK;34.90.jpg;;;OVO;http://s23.postimg.org/gyzf9diob/OVO_F10_VIBRATOR_BLACK_34_90.jpg
OVO F11 SILVER-WHITE;34.90.jpg;;;OVO;http://s23.postimg.org/n3vj0g05n/OVO_F11_SILVER_WHITE_34_90.jpg
OVO F11 VIBRATOR PURPLE;34.90.jpg;;;OVO;http://s23.postimg.org/4ydz8nb9n/OVO_F11_VIBRATOR_PURPLE_34_90.jpg
PALM POWER JENGA STIMULATOR;89.90.jpg;;;Vibrators;http://s23.postimg.org/b0q7cvp3f/PALM_POWER_JENGA_STIMULATOR_89_90.jpg
"PEARL SHINE 9"" VIBRATOR FLESH";19.90.jpeg;;;Vibrators;http://s23.postimg.org/we7n3zavf/PEARL_SHINE_9_PINK_19_90.jpg
"PEARL SHINE 9"", PINK";19.90.jpg;;;Vibrators;http://s23.postimg.org/emw0pivgr/PEARL_SHINE_9_VIBRATOR_FLESH_19_90.jpg
PERFECT CURVE - PINK;25.90.jpg;;;Vibrators;http://s23.postimg.org/muxyaind7/PERFECT_CURVE_PINK_25_90.jpg
PERFECTLY HOT PINK WATERPROOF VIBE;39.00.jpg;;;Vibrators;http://s23.postimg.org/nlqogapqj/PERFECTLY_HOT_PINK_WATERPROOF_VIBE_39_00.jpg
PINK NOTE VIBRATOR;26.40.jpg;;;Vibrators;http://s23.postimg.org/5wyxoodzf/PINK_NOTE_VIBRATOR_26_40.jpg
PINK OBSESSION PLEASURE VIBE;50.50.jpg;;;Vibrators;http://s23.postimg.org/bz6kf62ff/PINK_OBSESSION_PLEASURE_VIBE_50_50.jpg
POWER MASSAGER - PINK;49.90.jpg;;;Vibrators;http://s23.postimg.org/q866x8gy3/POWER_MASSAGER_PINK_49_90.jpg
PRETTY LOVE FLAMINGO;89.90.jpg;;;Vibrators;http://s23.postimg.org/dfi2xb5cb/PRETTY_LOVE_FLAMINGO_89_90.jpg
PURE GOLD EXCITEMENT VIBE LARGE;29.90.jpg;;;Vibrators;http://s23.postimg.org/74hgumthn/PURE_GOLD_EXCITEMENT_VIBE_LARGE_29_90.jpg
PURPLE RAIN G-SPOT MASSAGER;12.90.jpg;;;Vibrators;http://s23.postimg.org/ovt3938wb/PURPLE_RAIN_G_SPOT_MASSAGER_12_90.jpg
QUEENY LOVE GIANT SKIN VIBRATOR;45.90.jpg;;;Vibrators;http://s23.postimg.org/getky647f/QUEENY_LOVE_GIANT_SKIN_VIBRATOR_45_90.jpg
REAL FEEL DELUXE 11 BLACK VIBE;129.90.jpg;;;Vibrators;http://s23.postimg.org/gqyiejwzv/REAL_FEEL_DELUXE_11_BLACK_VIBE_129_90.jpg
REAL FEEL DELUXE 11 FLESH VIBE;129.90.jpg;;;Vibrators;http://s23.postimg.org/m4xam3mq3/REAL_FEEL_DELUXE_11_FLESH_VIBE_129_90.jpg
REAL FEEL DELUXE 12 BLACK VIBE;139.90.jpg;;;Vibrators;http://s23.postimg.org/yv1iz6uob/REAL_FEEL_DELUXE_12_BLACK_VIBE_139_90.jpg
REAL FEEL DELUXE 12 FLESH VIBE;139.90.jpg;;;Vibrators;http://s30.postimg.org/5ua59hk81/REAL_FEEL_DELUXE_12_FLESH_VIBE_139_90.jpg
REAL FEEL LIFELIKE TOYS N.10;39.90.jpg;;;Vibrators;http://s23.postimg.org/yfq9668qz/REAL_FEEL_LIFELIKE_TOYS_N_10_39_90.jpg
REAL FEEL LIFELIKE TOYS NO.9;37.50.jpg;;;Vibrators;http://s23.postimg.org/f9d22zs97/REAL_FEEL_LIFELIKE_TOYS_NO_9_37_50.jpg
REALISTX VIBRATOR;29.90.jpeg;;;Vibrators;http://s23.postimg.org/6xhb1quvf/REALISTX_VIBRATOR_29_90.jpg
REE DAPHNE G-SPOT VIBE;79.90.jpg;;;Vibrators;http://s23.postimg.org/dp7q4ljuz/REE_DAPHNE_G_SPOT_VIBE_79_90.jpg
REE S-CURVE CLITORAL TIP G-SPOT VIBE;84.90.jpg;;;Vibrators;http://s23.postimg.org/o0k2x9bkb/REE_S_CURVE_CLITORAL_TIP_G_SPOT_VIBE_84_90.jpg
RETRO ULTRA SLIMLINE VIBE PINK;16.90.jpg;;;Vibrators;http://s23.postimg.org/u5g6obt1n/RETRO_ULTRA_SLIMLINE_VIBE_PINK_16_90.jpg
RETRO ULTRA SLIMLINE VIBE PURPLE;9.90.jpg;;;Vibrators;http://s23.postimg.org/99twd2wuj/RETRO_ULTRA_SLIMLINE_VIBE_PURPLE_9_90.jpg
RIBBY WHITE;15.jpg;;;Vibrators;http://s23.postimg.org/x9m97dkgb/RIBBY_WHITE_15.jpg
RINGS OF RUMBLE, PINK;33.50.jpg;;;Vibrators;http://s23.postimg.org/6d29z21mz/RINGS_OF_RUMBLE_PINK_33_50.jpg
ROCK CHICK 7-SPEED G-SPOT VIBRATOR - PINK;65.90.jpg;;;Vibrators;http://s23.postimg.org/4cgbryuvf/ROCK_CHICK_7_SPEED_G_SPOT_VIBRATOR_PINK_65_90.jpg
ROCK CHICK 7-SPEED G-SPOT VIBRATOR - RED;65.90.jpg;;;Vibrators;http://s23.postimg.org/428t8mg97/ROCK_CHICK_7_SPEED_G_SPOT_VIBRATOR_RED_65_90.jpg
ROCK CHICK VIBRATOR AND G-SPOT STIMULATOR;39.90.jpg;;;Vibrators;http://s23.postimg.org/g5e4w6rbf/ROCK_CHICK_VIBRATOR_AND_G_SPOT_STIMULATOR_39_90.jpg
SILICONE G-SPOT VIBRATOR, GREEN;29.90.jpg;;;Vibrators;http://s23.postimg.org/jz7l5c8nf/SILICONE_G_SPOT_VIBRATOR_GREEN_29_90.jpg
SILICONE G-SPOT VIBRATOR, PINK;29.90.jpg;;;Vibrators;http://s23.postimg.org/m7lrmofrf/SILICONE_G_SPOT_VIBRATOR_PINK_29_90.jpg
SILICONE G-SPOT VIBRATOR, PURPLE;29.90.jpg;;;Vibrators;http://s23.postimg.org/82fykv6q3/SILICONE_G_SPOT_VIBRATOR_PURPLE_29_90.jpg
SILICONE PETITE VIBE BLACK;39.90.jpg;;;Vibrators;http://s23.postimg.org/p48smyll7/SILICONE_PETITE_VIBE_BLACK_39_90.jpg
SLIM REPLIKA VIBE;12.50.jpg;;;Vibrators;http://s23.postimg.org/ydayx2uh7/SLIM_REPLIKA_VIBE_12_50.jpg
SNOO SILICONE VIBRATOR RED;29.90.jpg;;;Vibrators;http://s2.postimg.org/mtojih5u1/SNOO_SILICONE_VIBRATOR_RED_29_90.jpg
SNOO SILICONE VIBRATOR WHITE;29.90.jpg;;;Vibrators;http://s2.postimg.org/mm0wlyuvd/SNOO_SILICONE_VIBRATOR_WHITE_29_90.jpg
STUD REPLIKA VIBE;19.90.jpg;;;Vibrators;http://s2.postimg.org/52cx40qfd/STUD_REPLIKA_VIBE_19_90.jpg
SUPER SHOWER SWEETHEART VIBRATOR - PINK;26.00.jpg;;;Vibrators;http://s2.postimg.org/c84o6gzih/SUPER_SHOWER_SWEETHEART_VIBRATOR_PINK_26_00.jpg
TEASER VIBE PINK;25.90.jpg;;;Vibrators;http://s2.postimg.org/512zaloll/TEASER_VIBE_PINK_25_90.jpg
TICKLE WHEEL II PINK;35.90.jpg;;;Vibrators;http://s2.postimg.org/nlr7hoa15/TICKLE_WHEEL_II_PINK_35_90.jpg
TINA VIBE - GREEN;69.90.jpg;;;Vibrators;http://s2.postimg.org/7osfkyhmx/TINA_VIBE_GREEN_69_90.jpg
ULTRA G-SPOT PINK;39.90.jpg;;;Vibrators;http://s2.postimg.org/trsnof3yh/ULTRA_7_G_SPOT_VIBRATOR_PINK_32_90.jpg
ULTRA-7 G-SPOT VIBRATOR PINK;32.90.jpg;;;Vibrators;http://s2.postimg.org/of3taag21/ULTRA_G_SPOT_PINK_39_90.jpg
VERSA FUCK LOVE MACHINE;999.jpeg;;;Vibrators;http://s2.postimg.org/n1h8c3n49/VERSA_FUCK_LOVE_MACHINE_999.jpg
VIBRATING DILDO 19,5CM PURPLE;25.90.jpg;;;Vibrators;http://s2.postimg.org/h33f1v45l/VIBRATING_DILDO_19_5_CM_PURPLE_25_90.jpg
VIBRATING ECSTASY LOUNGE;34.90.jpg;;;Vibrators;http://s2.postimg.org/hieouvq2x/VIBRATING_ECSTASY_LOUNGE_34_90.jpg
VIBRATOR - RED LOVER;29.90.jpg;;;Vibrators;http://s2.postimg.org/qowzi5vbd/VIBRATOR_LOVER_29_90.jpg
"VIBRATOR ""LOVER""";29.90.jpg;;;Vibrators;http://s2.postimg.org/8wbfaae2x/VIBRATOR_RED_LOVER_29_90.jpg
VIBRATOR BLIZZARD 25CM;23.90.jpg;;;Vibrators;http://s2.postimg.org/6k3fcp1hl/VIBRATOR_BLIZZARD_25_CM_23_90.jpg
VIBRATOR BLUSTER 23CM;24.90.jpg;;;Vibrators;http://s2.postimg.org/k2abozdmx/VIBRATOR_BLUSTER_23_CM_24_90.jpg
VIBRATOR CRAZY RABBIT;49.90.jpg;;;Vibrators;http://s2.postimg.org/hyzwhbdu1/VIBRATOR_CRAZY_RABBIT_49_90.jpg
VIBRATOR DORCEL GOLDEN BOY 18CM;19.90.jpg;;;Vibrators;http://s2.postimg.org/q71u2b5qh/VIBRATOR_DORCEL_GOLDEN_BOY_18_CM_19_90.jpg
VIBRATOR DORCEL MINI MUST;26.90.jpg;;;Vibrators;http://s2.postimg.org/b10dp453d/VIBRATOR_DORCEL_MINI_MUST_26_90.jpg
VIBRATOR DORCEL SILVER STAR 18CM;19.90.jpg;;;Vibrators;http://s2.postimg.org/vnp3afoi1/VIBRATOR_DORCEL_SILVER_STAR_18_CM_19_90.jpg
VIBRATOR GIRLY CURLY;28.50.jpg;;;Vibrators;http://s2.postimg.org/ljvs0jidl/VIBRATOR_GIRLY_CURLY_28_50.jpg
VIBRATOR TORNADO 20,5CM;24,90.jpg;;;Vibrators;http://s2.postimg.org/wm5gcq1u1/VIBRATOR_TORNADO_20_5_CM_24_90.jpg
VINYL P-SHAPE VIBRATOR;14.90.jpg;;;Vibrators;http://s2.postimg.org/x1gq5qnrd/VINYL_P_SHAPE_VIBRATOR_14_90.jpg
VINYL P-SHAPE VIBRATOR FLESH;20.90.jpg;;;Vibrators;http://s2.postimg.org/9psmgn9hl/VINYL_P_SHAPE_VIBRATOR_FLESH_20_90.jpg
VOILA RECHARGEABLE MASSAGER - BLACK;84.90.jpg;;;Vibrators;http://s2.postimg.org/3q4vczop5/VOILA_RECHARGEABLE_MASSAGER_BLACK_84_90.jpg
WANACHI MAXI MASSAGER PINK;33.90.jpg;;;WANACHI;http://s2.postimg.org/wh1p31uix/WANACHI_MAXI_MASSAGER_PINK_33_90.jpg
WANACHI MAXI MASSAGER WHITE;33.90.jpg;;;WANACHI;http://s2.postimg.org/45g560amh/WANACHI_MAXI_MASSAGER_WHITE_33_90.jpg
WANACHI MINI MASSAGER BLACK;25.90.jpg;;;WANACHI;http://s2.postimg.org/plm1xopft/WANACHI_MINI_MASSAGER_BLACK_25_90.jpg
WANACHI MINI MASSAGER PINK;25.90.jpg;;;WANACHI;http://s2.postimg.org/pt53ggb0p/WANACHI_MINI_MASSAGER_PINK_25_90.jpg
WANACHI MINI MINI MASSAGER PINK;22.90.jpg;;;WANACHI;http://s2.postimg.org/5aa7bdx3d/WANACHI_MINI_MINI_MASSAGER_PINK_22_90.jpg
WANACHI MINI MINI MINI BLACK;19.90.jpg;;;WANACHI;http://s2.postimg.org/uuh2vk7ux/WANACHI_MINI_MINI_MINI_BLACK_19_90.jpg
WANACHI MINI MULTI 9;39.90.jpg;;;WANACHI;http://s2.postimg.org/n30cx03pl/WANACHI_MINI_MULTI_9_39_90.jpg
WICKED WINSTON;25.90.jpg;;;Vibrators;http://s2.postimg.org/jypp07mx5/WICKED_WINSTON_25_90.jpg
WIDE REPLIKA VIBE;17.90.jpg;;;Vibrators;http://s2.postimg.org/66ba4kw5l/WIDE_REPLIKA_VIBE_17_90.jpg
XCEL-VIBRATOR;25.90;;;Vibrators;http://s2.postimg.org/fs4ukvnbd/XCEL_VIBRATOR_25_90.jpg
;;;;;