Name;Price;Sale;info;size;type;image
BASIC HALF-CUP BRA;€15,90;;Slightly padded half-cup bra with adjustable straps and hook and eye closure. Black with delicate embroidery. 80% polyamide, 10% polyester, 10% elastane. ;75A|75B|80B;Sexy Bras;http://s30.postimg.org/q9g1lkg6p/BASIC_HALF_CUP_BRA_22201211210_1_1_15_90.jpg
"BRA ""BASIC HALF-CUP"", RED";€15,90;;Underwired white half-cup bra with delicate embroidery at the cups.  ;75A|75B|80B|85B;Sexy Bras;http://s30.postimg.org/6svbz1l2p/BRA_AND_GARTER_BELT_SET_BLACK_1888_1_39_90.jpg
"BRA ""BASIC HALF-CUP"", WHITE";€15,90;;Underwired white half-cup bra with delicate embroidery at the cups.  ;75A|75B|80B|85B;Sexy Bras;http://s30.postimg.org/xrz6u77jl/BRA_BASIC_HALF_CUP_RED_22201213210_1_1_1_1_15.jpg
"BRA ""FANCY&FLIRTY""";€29,90;;Slightly padded, underwired ¼ cup bra. ;XL|XXL| XXXL;Sexy Bras;http://s30.postimg.org/qkswkl78x/BRA_BASIC_HALF_CUP_WHITE_22201212210_1_1_1_1_1.jpg
BRA AND GARTER BELT SET, BLACK;€39,90;;Bra and garter belt set, decorated with silver ornaments. ;S|M|L|XL;Sexy Bras;http://s30.postimg.org/a3joyxb01/BRA_FANCY_FLIRTY_32305820206_960x1360_29_90.jpg
COWGIRL KOMPLEKT (S);€31,30;€9,90;Materjal: 96% puuvill 4% elastaan ;S ;Sexy Bras;http://s30.postimg.org/yp10pbto1/COWGIRL_KOMPLEKT_S_12_1_31_90.jpg
DISCO PARTY BRA GOLD / SILVER;€29,90;;This Disco Party Metallic Punk Rivets Dance Bra features unique all-over spike stud design on bras. Looks quite amazing with stylish rivets adorned and surprise push up effect. A perfect sexy clubwear for you to go to clubs or parties. Absolutely perfect and comfortable for dancing. Material : polyester ;L|M|S;Sexy Bras;http://s30.postimg.org/vsil2sd81/DISCO_PARTY_BRA_GOLD_SILVER_LC25080_2_29_90.jpg
GOLD BLOCK RESIN PUNK CORSAGE;€32,90;;A must-have for off-hours having fun in clubbing or disco. The gold block resin embellishment hypes your personal and punk style in an unconstrained way and the push-up style work well in holding your bust in good place;L|M|S;Sexy Bras;http://s30.postimg.org/u1zk1avox/GOLD_BLOCK_RESIN_PUNK_CORSAGE_gold_block_resin_p.jpg
GOLD SATELLITE STONE STARRY SKY CORSAGE;€32,90;;Sparkling gold studs and satellite stones throughout overlay on the cups accents the scintillation and stylish flair for this bra top. A push-up style with classic halter neck with underwire support and closure back. ;L|M|S;Sexy Bras;http://s30.postimg.org/vjl0cv0fl/GOLD_SATELLITE_STONE_STARRY_SKY_CORSAGE_gold_sat.jpg
"HALF-CUP SET ""LEA""";€26,90;;Neat set with satin and lace embellishment for tempting moments. Half-cup bra with padded cups. Straps and closure in the back are adjustable. Comes with matching suspender mini skirt with adjustable and detachable garter clips, ornamental lacing and two forming bones in the back. Colour: brown/black/rose. Shelf bra: 92% polyester, 8% elastane. Mini skirt: 50% polyamide, 40% polyester, 10% elastane. Without stockings. ;75B/S|85B/L|90B/XL;Sexy Bras;http://s30.postimg.org/m0fwx52b5/HALF_CUP_SET_LEA_22602128230_1_1_26_90.jpg
"HALF-CUP SET ""VALERIE""";€21,90;;Smooth, shining premium satin, accentuated by beautiful lace details. Slightly padded, underwired ¼ cup bra and crotchless G-string. Red. 85% polyamide, 15% elastane. ;75B/S|80B/M|85B/L;Sexy Bras;http://s30.postimg.org/hxkakbisx/HALF_CUP_SET_VALERIE_22201993230_1_1_21_90.jpg
PEARL NECKLACE BRA & G-STRING SET;€29,90;;Material: 95% Nylon, 5% Spandex ;ONE;Sexy Bras;http://s30.postimg.org/6p1iisfld/PEARL_NECKLACE_BRA_G_STRING_SET_bragstring_29.jpg
PUNK STYLE BRA;€11,90;;Material : 100% polyester;S|M|L|XL;Sexy Bras;http://s30.postimg.org/3nfbmkru9/PUNK_STYLE_BRA_sliver_block_resin_punk_corsage.jpg
RAINBOW DIAMOND BRA TOP;€19,90;;Lift up with strong support to your heavy bust. Rainbow Diamond Bra Top featuring cheer up underwire bra lingerie with colorful diamonds on the cups. Adjustable straps with closure back. Wonderful choice to have fun in night clubs or the sexy private time. ;L|M|S;Sexy Bras;http://s30.postimg.org/l4jfhosmp/RAINBOW_DIAMOND_BRA_TOP_lc25094_19_90.jpg
RHINESTONE BRA GOLD;€32,90;;Dazzling Punk Rhinestone Bra Lingerie of dear-lover features shining rhinestone decorated on the top cups which creates a striking vision sensation for people. Adjustable bra straps very flexible and offers a comfy fit to you. Fulfilled Punk Wind, nice top for Disco or stage performance. ;L|M|S;Sexy Bras;http://s30.postimg.org/tx0e5ddrl/RHINESTONE_BRA_GOLD_LC25088_2_1_32_90.jpg
RHINESTONE BRA SILVER;€32,90;;Dazzling Punk Rhinestone Bra Lingerie of dear-lover features shining rhinestone decorated on the top cups which creates a striking vision sensation for people. Adjustable bra straps very flexible and offers a comfy fit to you. Fulfilled Punk Wind, nice top for Disco or stage performance. ;L|M ;Sexy Bras;http://s30.postimg.org/nadqc6w35/RHINESTONE_BRA_SILVER_LC25088_1_32_90.jpg
SEXY BELLY DANCE BRA;€19,90;;Belly dancer bra.  ;S|M|L|XL;Sexy Bras;http://s30.postimg.org/omvfe2tip/SEXY_BELLY_DANCE_BRA_b_20131116110556_19_90.jpg
SPORT MESH PERFORMANCE BRA;€19,90;;Sporty, breathable mesh offers cooling support. ;S/M;Sexy Bras;http://s30.postimg.org/dr41iq8kx/SPORT_MESH_PERFORMANCE_BRA_articleimagehandler.jpg
STRETCH LACE GARTER LINGERIE SET;€12,90;;Sexy Stretch lace garter lingerie set.Material: Polyester,Spandex;ONE;Sexy Bras;http://s30.postimg.org/socijqltd/STRETCH_LACE_GARTER_LINGERIE_SET_stretch_hotlips.jpg
